feature_name,internal_standard,raw_data_filename,time_stamp,batch,sample_type,precursor_mz,product_mz,collision_energy,polarity,rt_apex,area,height,FWHM,rt_int_start,rt_int_end
11-deoxycorticosterone,11-deoxycorticosterone,20260212_SST01.mzML,2026-02-12T14:33:45Z,1,SPL,331.300,97.100,24.0,+,4.608,3133026.5,460524.0,0.101,4.420,4.925
11-deoxycorticosterone,11-deoxycorticosterone,20260212_SST02.mzML,2026-02-12T14:47:15Z,1,SPL,331.300,97.100,24.0,+,4.596,3184666.5,458465.9,0.105,4.408,4.937
11-deoxycorticosterone,11-deoxycorticosterone,20260212_SST03.mzML,2026-02-12T15:00:36Z,1,SPL,331.300,97.100,24.0,+,4.596,3531395.2,519568.6,0.103,4.408,4.925
11-deoxycorticosterone,11-deoxycorticosterone,20260212_SST04.mzML,2026-02-12T15:13:59Z,1,SPL,331.300,97.100,24.0,+,4.596,3333478.5,474533.0,0.105,4.408,4.937
11-deoxycorticosterone,11-deoxycorticosterone,20260212_SST05.mzML,2026-02-12T15:27:20Z,1,SPL,331.300,97.100,24.0,+,4.596,3518404.2,521049.5,0.100,4.408,4.937
11-deoxycorticosterone,11-deoxycorticosterone,20260212_SST06.mzML,2026-02-12T15:40:44Z,1,SPL,331.300,97.100,24.0,+,4.608,2903555.5,390804.4,0.110,4.420,4.949
11-deoxycorticosterone,11-deoxycorticosterone,20260212_SST07.mzML,2026-02-12T15:54:07Z,1,SPL,331.300,97.100,24.0,+,4.584,3599306.8,551392.8,0.097,4.408,4.937
11-deoxycorticosterone,11-deoxycorticosterone,20260212_SST08.mzML,2026-02-12T16:07:33Z,1,SPL,331.300,97.100,24.0,+,4.596,3455295.5,501603.1,0.103,4.408,4.925
11-deoxycorticosterone,11-deoxycorticosterone,20260212_SST09.mzML,2026-02-12T16:20:56Z,1,SPL,331.300,97.100,24.0,+,4.584,3028650.5,423812.6,0.109,4.408,4.937
11-deoxycorticosterone,11-deoxycorticosterone,20260212_SST10.mzML,2026-02-12T16:34:17Z,1,SPL,331.300,97.100,24.0,+,4.596,3509631.2,531115.1,0.098,4.408,4.937
11-deoxycorticosterone 13C3,11-deoxycorticosterone 13C3,20260212_SST01.mzML,2026-02-12T14:33:45Z,1,SPL,334.200,100.100,24.0,+,4.596,3317657.8,478951.9,0.104,4.419,4.949
11-deoxycorticosterone 13C3,11-deoxycorticosterone 13C3,20260212_SST02.mzML,2026-02-12T14:47:15Z,1,SPL,334.200,100.100,24.0,+,4.596,2984852.8,421204.2,0.106,4.407,4.937
11-deoxycorticosterone 13C3,11-deoxycorticosterone 13C3,20260212_SST03.mzML,2026-02-12T15:00:36Z,1,SPL,334.200,100.100,24.0,+,4.584,3308410.5,467191.6,0.105,4.407,4.937
11-deoxycorticosterone 13C3,11-deoxycorticosterone 13C3,20260212_SST04.mzML,2026-02-12T15:13:59Z,1,SPL,334.200,100.100,24.0,+,4.596,3226084.8,461492.6,0.107,4.407,4.902
11-deoxycorticosterone 13C3,11-deoxycorticosterone 13C3,20260212_SST05.mzML,2026-02-12T15:27:20Z,1,SPL,334.200,100.100,24.0,+,4.596,3573388.2,526766.6,0.103,4.407,4.937
11-deoxycorticosterone 13C3,11-deoxycorticosterone 13C3,20260212_SST06.mzML,2026-02-12T15:40:44Z,1,SPL,334.200,100.100,24.0,+,4.596,3692122.5,569188.8,0.094,4.419,4.937
11-deoxycorticosterone 13C3,11-deoxycorticosterone 13C3,20260212_SST07.mzML,2026-02-12T15:54:07Z,1,SPL,334.200,100.100,24.0,+,4.596,3550719.2,526806.2,0.103,4.407,4.925
11-deoxycorticosterone 13C3,11-deoxycorticosterone 13C3,20260212_SST08.mzML,2026-02-12T16:07:33Z,1,SPL,334.200,100.100,24.0,+,4.596,3590015.5,532306.6,0.100,4.407,4.937
11-deoxycorticosterone 13C3,11-deoxycorticosterone 13C3,20260212_SST09.mzML,2026-02-12T16:20:56Z,1,SPL,334.200,100.100,24.0,+,4.584,3311843.8,473127.8,0.102,4.407,4.937
11-deoxycorticosterone 13C3,11-deoxycorticosterone 13C3,20260212_SST10.mzML,2026-02-12T16:34:17Z,1,SPL,334.200,100.100,24.0,+,4.596,3490812.2,489197.9,0.111,4.407,4.937
11-deoxycorticosterone 13C3 [QUAL],11-deoxycorticosterone 13C3 [QUAL],20260212_SST01.mzML,2026-02-12T14:33:45Z,1,SPL,334.200,112.100,36.0,+,4.596,3375429.2,507014.6,0.098,4.419,4.949
11-deoxycorticosterone 13C3 [QUAL],11-deoxycorticosterone 13C3 [QUAL],20260212_SST02.mzML,2026-02-12T14:47:15Z,1,SPL,334.200,112.100,36.0,+,4.596,3346396.2,490211.2,0.104,4.419,4.949
11-deoxycorticosterone 13C3 [QUAL],11-deoxycorticosterone 13C3 [QUAL],20260212_SST03.mzML,2026-02-12T15:00:36Z,1,SPL,334.200,112.100,36.0,+,4.596,3003080.2,432366.8,0.104,4.419,4.949
11-deoxycorticosterone 13C3 [QUAL],11-deoxycorticosterone 13C3 [QUAL],20260212_SST04.mzML,2026-02-12T15:13:59Z,1,SPL,334.200,112.100,36.0,+,4.596,3025791.8,435628.1,0.105,4.407,4.937
11-deoxycorticosterone 13C3 [QUAL],11-deoxycorticosterone 13C3 [QUAL],20260212_SST05.mzML,2026-02-12T15:27:20Z,1,SPL,334.200,112.100,36.0,+,4.596,3115347.2,433973.3,0.109,4.407,4.913
11-deoxycorticosterone 13C3 [QUAL],11-deoxycorticosterone 13C3 [QUAL],20260212_SST06.mzML,2026-02-12T15:40:44Z,1,SPL,334.200,112.100,36.0,+,4.608,3102523.0,449372.7,0.103,4.419,4.949
11-deoxycorticosterone 13C3 [QUAL],11-deoxycorticosterone 13C3 [QUAL],20260212_SST07.mzML,2026-02-12T15:54:07Z,1,SPL,334.200,112.100,36.0,+,4.596,3159714.2,450892.7,0.102,4.407,4.925
11-deoxycorticosterone 13C3 [QUAL],11-deoxycorticosterone 13C3 [QUAL],20260212_SST08.mzML,2026-02-12T16:07:33Z,1,SPL,334.200,112.100,36.0,+,4.596,3321063.5,488033.5,0.104,4.407,4.937
11-deoxycorticosterone 13C3 [QUAL],11-deoxycorticosterone 13C3 [QUAL],20260212_SST09.mzML,2026-02-12T16:20:56Z,1,SPL,334.200,112.100,36.0,+,4.584,2945817.8,421107.8,0.103,4.407,4.937
11-deoxycorticosterone 13C3 [QUAL],11-deoxycorticosterone 13C3 [QUAL],20260212_SST10.mzML,2026-02-12T16:34:17Z,1,SPL,334.200,112.100,36.0,+,4.596,3007719.8,423465.9,0.109,4.407,4.937
11-deoxycorticosterone [QUAL],11-deoxycorticosterone [QUAL],20260212_SST01.mzML,2026-02-12T14:33:45Z,1,SPL,331.300,109.100,36.0,+,4.596,3138482.5,460557.8,0.105,4.420,4.949
11-deoxycorticosterone [QUAL],11-deoxycorticosterone [QUAL],20260212_SST02.mzML,2026-02-12T14:47:15Z,1,SPL,331.300,109.100,36.0,+,4.596,3326525.2,462159.7,0.110,4.420,4.937
11-deoxycorticosterone [QUAL],11-deoxycorticosterone [QUAL],20260212_SST03.mzML,2026-02-12T15:00:36Z,1,SPL,331.300,109.100,36.0,+,4.596,3093248.2,442631.4,0.102,4.420,4.949
11-deoxycorticosterone [QUAL],11-deoxycorticosterone [QUAL],20260212_SST04.mzML,2026-02-12T15:13:59Z,1,SPL,331.300,109.100,36.0,+,4.596,3287758.8,503086.6,0.099,4.408,4.937
11-deoxycorticosterone [QUAL],11-deoxycorticosterone [QUAL],20260212_SST05.mzML,2026-02-12T15:27:20Z,1,SPL,331.300,109.100,36.0,+,4.596,3172229.0,484755.3,0.099,4.420,4.878
11-deoxycorticosterone [QUAL],11-deoxycorticosterone [QUAL],20260212_SST06.mzML,2026-02-12T15:40:44Z,1,SPL,331.300,109.100,36.0,+,4.608,3068948.2,428843.2,0.108,4.420,4.949
11-deoxycorticosterone [QUAL],11-deoxycorticosterone [QUAL],20260212_SST07.mzML,2026-02-12T15:54:07Z,1,SPL,331.300,109.100,36.0,+,4.596,3171528.8,464621.4,0.102,4.408,4.937
11-deoxycorticosterone [QUAL],11-deoxycorticosterone [QUAL],20260212_SST08.mzML,2026-02-12T16:07:33Z,1,SPL,331.300,109.100,36.0,+,4.596,3523461.2,547051.1,0.099,4.420,4.949
11-deoxycorticosterone [QUAL],11-deoxycorticosterone [QUAL],20260212_SST09.mzML,2026-02-12T16:20:56Z,1,SPL,331.300,109.100,36.0,+,4.596,3360085.5,494284.1,0.101,4.408,4.937
11-deoxycorticosterone [QUAL],11-deoxycorticosterone [QUAL],20260212_SST10.mzML,2026-02-12T16:34:17Z,1,SPL,331.300,109.100,36.0,+,4.596,3067527.8,450212.7,0.099,4.408,4.937
11-deoxycortisol,11-deoxycortisol,20260212_SST01.mzML,2026-02-12T14:33:45Z,1,SPL,347.300,97.100,32.0,+,3.819,1555675.1,249261.0,0.097,3.713,4.160
11-deoxycortisol,11-deoxycortisol,20260212_SST02.mzML,2026-02-12T14:47:15Z,1,SPL,347.300,97.100,32.0,+,3.807,1381774.6,208912.5,0.105,3.713,4.148
11-deoxycortisol,11-deoxycortisol,20260212_SST03.mzML,2026-02-12T15:00:36Z,1,SPL,347.300,97.100,32.0,+,3.807,1386061.0,222258.9,0.096,3.713,4.148
11-deoxycortisol,11-deoxycortisol,20260212_SST04.mzML,2026-02-12T15:13:59Z,1,SPL,347.300,97.100,32.0,+,3.807,1364648.0,210897.8,0.101,3.713,4.148
11-deoxycortisol,11-deoxycortisol,20260212_SST05.mzML,2026-02-12T15:27:20Z,1,SPL,347.300,97.100,32.0,+,3.807,1384481.1,223470.6,0.095,3.713,4.148
11-deoxycortisol,11-deoxycortisol,20260212_SST06.mzML,2026-02-12T15:40:44Z,1,SPL,347.300,97.100,32.0,+,3.807,1380714.4,209444.1,0.101,3.713,4.160
11-deoxycortisol,11-deoxycortisol,20260212_SST07.mzML,2026-02-12T15:54:07Z,1,SPL,347.300,97.100,32.0,+,3.807,1285343.4,198690.9,0.103,3.713,4.148
11-deoxycortisol,11-deoxycortisol,20260212_SST08.mzML,2026-02-12T16:07:33Z,1,SPL,347.300,97.100,32.0,+,3.819,1308562.4,213226.2,0.094,3.713,4.101
11-deoxycortisol,11-deoxycortisol,20260212_SST09.mzML,2026-02-12T16:20:56Z,1,SPL,347.300,97.100,32.0,+,3.807,1272907.6,191131.2,0.106,3.713,4.136
11-deoxycortisol,11-deoxycortisol,20260212_SST10.mzML,2026-02-12T16:34:17Z,1,SPL,347.300,97.100,32.0,+,3.807,1300304.5,204516.7,0.098,3.713,4.148
11-deoxycortisol D5,11-deoxycortisol D5,20260212_SST01.mzML,2026-02-12T14:33:45Z,1,SPL,352.200,100.100,32.0,+,3.794,1217819.6,193256.5,0.094,3.606,4.135
11-deoxycortisol D5,11-deoxycortisol D5,20260212_SST02.mzML,2026-02-12T14:47:15Z,1,SPL,352.200,100.100,32.0,+,3.782,1110312.6,168325.1,0.098,3.594,4.124
11-deoxycortisol D5,11-deoxycortisol D5,20260212_SST03.mzML,2026-02-12T15:00:36Z,1,SPL,352.200,100.100,32.0,+,3.782,1117587.6,171653.8,0.097,3.594,4.124
11-deoxycortisol D5,11-deoxycortisol D5,20260212_SST04.mzML,2026-02-12T15:13:59Z,1,SPL,352.200,100.100,32.0,+,3.771,1039416.1,162138.6,0.095,3.594,4.100
11-deoxycortisol D5,11-deoxycortisol D5,20260212_SST05.mzML,2026-02-12T15:27:20Z,1,SPL,352.200,100.100,32.0,+,3.782,1152845.9,173822.9,0.098,3.594,4.124
11-deoxycortisol D5,11-deoxycortisol D5,20260212_SST06.mzML,2026-02-12T15:40:44Z,1,SPL,352.200,100.100,32.0,+,3.782,1092735.0,170538.7,0.093,3.606,4.124
11-deoxycortisol D5,11-deoxycortisol D5,20260212_SST07.mzML,2026-02-12T15:54:07Z,1,SPL,352.200,100.100,32.0,+,3.782,983065.2,150193.2,0.096,3.594,4.100
11-deoxycortisol D5,11-deoxycortisol D5,20260212_SST08.mzML,2026-02-12T16:07:33Z,1,SPL,352.200,100.100,32.0,+,3.782,1031232.3,158589.8,0.097,3.606,4.100
11-deoxycortisol D5,11-deoxycortisol D5,20260212_SST09.mzML,2026-02-12T16:20:56Z,1,SPL,352.200,100.100,32.0,+,3.771,1066990.6,162210.0,0.096,3.594,4.124
11-deoxycortisol D5,11-deoxycortisol D5,20260212_SST10.mzML,2026-02-12T16:34:17Z,1,SPL,352.200,100.100,32.0,+,3.782,1051669.6,163683.7,0.097,3.594,4.076
11-deoxycortisol D5 [QUAL],11-deoxycortisol D5 [QUAL],20260212_SST01.mzML,2026-02-12T14:33:45Z,1,SPL,352.200,113.100,32.0,+,3.782,922623.2,142645.2,0.097,3.606,4.135
11-deoxycortisol D5 [QUAL],11-deoxycortisol D5 [QUAL],20260212_SST02.mzML,2026-02-12T14:47:15Z,1,SPL,352.200,113.100,32.0,+,3.782,923749.6,142363.5,0.096,3.594,4.112
11-deoxycortisol D5 [QUAL],11-deoxycortisol D5 [QUAL],20260212_SST03.mzML,2026-02-12T15:00:36Z,1,SPL,352.200,113.100,32.0,+,3.782,863087.4,133167.3,0.096,3.606,4.124
11-deoxycortisol D5 [QUAL],11-deoxycortisol D5 [QUAL],20260212_SST04.mzML,2026-02-12T15:13:59Z,1,SPL,352.200,113.100,32.0,+,3.782,827923.2,123432.7,0.100,3.594,4.124
11-deoxycortisol D5 [QUAL],11-deoxycortisol D5 [QUAL],20260212_SST05.mzML,2026-02-12T15:27:20Z,1,SPL,352.200,113.100,32.0,+,3.782,797265.7,117457.5,0.099,3.606,4.135
11-deoxycortisol D5 [QUAL],11-deoxycortisol D5 [QUAL],20260212_SST06.mzML,2026-02-12T15:40:44Z,1,SPL,352.200,113.100,32.0,+,3.794,835498.6,131803.1,0.096,3.606,4.100
11-deoxycortisol D5 [QUAL],11-deoxycortisol D5 [QUAL],20260212_SST07.mzML,2026-02-12T15:54:07Z,1,SPL,352.200,113.100,32.0,+,3.782,875968.4,135559.8,0.100,3.594,4.112
11-deoxycortisol D5 [QUAL],11-deoxycortisol D5 [QUAL],20260212_SST08.mzML,2026-02-12T16:07:33Z,1,SPL,352.200,113.100,32.0,+,3.782,872858.3,139944.9,0.096,3.606,4.088
11-deoxycortisol D5 [QUAL],11-deoxycortisol D5 [QUAL],20260212_SST09.mzML,2026-02-12T16:20:56Z,1,SPL,352.200,113.100,32.0,+,3.782,802184.6,125016.7,0.093,3.594,4.124
11-deoxycortisol D5 [QUAL],11-deoxycortisol D5 [QUAL],20260212_SST10.mzML,2026-02-12T16:34:17Z,1,SPL,352.200,113.100,32.0,+,3.782,810994.8,122440.0,0.100,3.594,4.124
11-deoxycortisol [QUAL],11-deoxycortisol [QUAL],20260212_SST01.mzML,2026-02-12T14:33:45Z,1,SPL,347.300,109.100,32.0,+,3.819,1619828.2,269095.7,0.089,3.701,4.148
11-deoxycortisol [QUAL],11-deoxycortisol [QUAL],20260212_SST02.mzML,2026-02-12T14:47:15Z,1,SPL,347.300,109.100,32.0,+,3.807,1477971.6,225528.0,0.098,3.701,4.160
11-deoxycortisol [QUAL],11-deoxycortisol [QUAL],20260212_SST03.mzML,2026-02-12T15:00:36Z,1,SPL,347.300,109.100,32.0,+,3.807,1581033.6,239192.3,0.103,3.689,4.160
11-deoxycortisol [QUAL],11-deoxycortisol [QUAL],20260212_SST04.mzML,2026-02-12T15:13:59Z,1,SPL,347.300,109.100,32.0,+,3.807,1620331.8,263769.5,0.094,3.701,4.160
11-deoxycortisol [QUAL],11-deoxycortisol [QUAL],20260212_SST05.mzML,2026-02-12T15:27:20Z,1,SPL,347.300,109.100,32.0,+,3.819,1334659.9,206361.2,0.104,3.713,4.160
11-deoxycortisol [QUAL],11-deoxycortisol [QUAL],20260212_SST06.mzML,2026-02-12T15:40:44Z,1,SPL,347.300,109.100,32.0,+,3.819,1257029.1,191487.0,0.100,3.701,4.148
11-deoxycortisol [QUAL],11-deoxycortisol [QUAL],20260212_SST07.mzML,2026-02-12T15:54:07Z,1,SPL,347.300,109.100,32.0,+,3.807,1331030.0,203511.0,0.102,3.713,4.136
11-deoxycortisol [QUAL],11-deoxycortisol [QUAL],20260212_SST08.mzML,2026-02-12T16:07:33Z,1,SPL,347.300,109.100,32.0,+,3.807,1340558.8,209142.0,0.096,3.701,4.160
11-deoxycortisol [QUAL],11-deoxycortisol [QUAL],20260212_SST09.mzML,2026-02-12T16:20:56Z,1,SPL,347.300,109.100,32.0,+,3.819,1343038.8,209834.6,0.100,3.701,4.160
11-deoxycortisol [QUAL],11-deoxycortisol [QUAL],20260212_SST10.mzML,2026-02-12T16:34:17Z,1,SPL,347.300,109.100,32.0,+,3.795,1317572.5,201497.9,0.102,3.701,4.148
17-hydroxyprogesterone,17-hydroxyprogesterone,20260212_SST01.mzML,2026-02-12T14:33:45Z,1,SPL,331.300,109.100,36.0,+,5.255,1307908.9,167787.2,0.119,5.031,5.596
17-hydroxyprogesterone,17-hydroxyprogesterone,20260212_SST02.mzML,2026-02-12T14:47:15Z,1,SPL,331.300,109.100,36.0,+,5.231,1369778.6,184317.7,0.114,5.020,5.584
17-hydroxyprogesterone,17-hydroxyprogesterone,20260212_SST03.mzML,2026-02-12T15:00:36Z,1,SPL,331.300,109.100,36.0,+,5.231,1493585.0,209631.3,0.107,5.008,5.584
17-hydroxyprogesterone,17-hydroxyprogesterone,20260212_SST04.mzML,2026-02-12T15:13:59Z,1,SPL,331.300,109.100,36.0,+,5.231,1295544.1,174760.4,0.111,5.008,5.584
17-hydroxyprogesterone,17-hydroxyprogesterone,20260212_SST05.mzML,2026-02-12T15:27:20Z,1,SPL,331.300,109.100,36.0,+,5.231,1242646.6,158448.9,0.123,5.020,5.584
17-hydroxyprogesterone,17-hydroxyprogesterone,20260212_SST06.mzML,2026-02-12T15:40:44Z,1,SPL,331.300,109.100,36.0,+,5.231,1408773.2,183305.7,0.119,5.008,5.596
17-hydroxyprogesterone,17-hydroxyprogesterone,20260212_SST07.mzML,2026-02-12T15:54:07Z,1,SPL,331.300,109.100,36.0,+,5.231,1210326.0,160986.2,0.113,4.996,5.584
17-hydroxyprogesterone,17-hydroxyprogesterone,20260212_SST08.mzML,2026-02-12T16:07:33Z,1,SPL,331.300,109.100,36.0,+,5.231,1335802.6,187119.0,0.106,4.996,5.584
17-hydroxyprogesterone,17-hydroxyprogesterone,20260212_SST09.mzML,2026-02-12T16:20:56Z,1,SPL,331.300,109.100,36.0,+,5.231,1321049.5,188761.9,0.106,4.996,5.584
17-hydroxyprogesterone,17-hydroxyprogesterone,20260212_SST10.mzML,2026-02-12T16:34:17Z,1,SPL,331.300,109.100,36.0,+,5.231,1315644.1,179504.9,0.106,4.996,5.584
17-hydroxyprogesterone D8,17-hydroxyprogesterone D8,20260212_SST01.mzML,2026-02-12T14:33:45Z,1,SPL,339.300,100.000,36.0,+,5.184,1300604.4,172072.5,0.110,4.937,5.525
17-hydroxyprogesterone D8,17-hydroxyprogesterone D8,20260212_SST02.mzML,2026-02-12T14:47:15Z,1,SPL,339.300,100.000,36.0,+,5.172,1171664.6,160343.7,0.113,4.925,5.490
17-hydroxyprogesterone D8,17-hydroxyprogesterone D8,20260212_SST03.mzML,2026-02-12T15:00:36Z,1,SPL,339.300,100.000,36.0,+,5.184,1122604.6,145438.2,0.117,4.937,5.466
17-hydroxyprogesterone D8,17-hydroxyprogesterone D8,20260212_SST04.mzML,2026-02-12T15:13:59Z,1,SPL,339.300,100.000,36.0,+,5.184,1184762.9,151898.5,0.116,4.925,5.513
17-hydroxyprogesterone D8,17-hydroxyprogesterone D8,20260212_SST05.mzML,2026-02-12T15:27:20Z,1,SPL,339.300,100.000,36.0,+,5.172,1231462.4,171409.8,0.102,4.937,5.525
17-hydroxyprogesterone D8,17-hydroxyprogesterone D8,20260212_SST06.mzML,2026-02-12T15:40:44Z,1,SPL,339.300,100.000,36.0,+,5.184,1215423.4,170721.5,0.106,4.937,5.513
17-hydroxyprogesterone D8,17-hydroxyprogesterone D8,20260212_SST07.mzML,2026-02-12T15:54:07Z,1,SPL,339.300,100.000,36.0,+,5.160,1157860.9,146956.9,0.119,4.925,5.513
17-hydroxyprogesterone D8,17-hydroxyprogesterone D8,20260212_SST08.mzML,2026-02-12T16:07:33Z,1,SPL,339.300,100.000,36.0,+,5.172,1137914.8,143974.4,0.122,4.937,5.525
17-hydroxyprogesterone D8,17-hydroxyprogesterone D8,20260212_SST09.mzML,2026-02-12T16:20:56Z,1,SPL,339.300,100.000,36.0,+,5.172,1151619.6,148570.0,0.119,4.925,5.513
17-hydroxyprogesterone D8,17-hydroxyprogesterone D8,20260212_SST10.mzML,2026-02-12T16:34:17Z,1,SPL,339.300,100.000,36.0,+,5.172,1011985.2,133868.0,0.113,4.937,5.525
17-hydroxyprogesterone D8 [QUANL],17-hydroxyprogesterone D8 [QUANL],20260212_SST01.mzML,2026-02-12T14:33:45Z,1,SPL,339.300,113.100,36.0,+,5.184,968668.6,127478.9,0.109,4.925,5.513
17-hydroxyprogesterone D8 [QUANL],17-hydroxyprogesterone D8 [QUANL],20260212_SST02.mzML,2026-02-12T14:47:15Z,1,SPL,339.300,113.100,36.0,+,5.172,908491.3,116424.6,0.115,4.913,5.501
17-hydroxyprogesterone D8 [QUANL],17-hydroxyprogesterone D8 [QUANL],20260212_SST03.mzML,2026-02-12T15:00:36Z,1,SPL,339.300,113.100,36.0,+,5.172,990757.0,128874.1,0.118,4.925,5.513
17-hydroxyprogesterone D8 [QUANL],17-hydroxyprogesterone D8 [QUANL],20260212_SST04.mzML,2026-02-12T15:13:59Z,1,SPL,339.300,113.100,36.0,+,5.184,916167.8,116502.8,0.119,4.913,5.501
17-hydroxyprogesterone D8 [QUANL],17-hydroxyprogesterone D8 [QUANL],20260212_SST05.mzML,2026-02-12T15:27:20Z,1,SPL,339.300,113.100,36.0,+,5.184,879318.4,111706.3,0.118,4.925,5.513
17-hydroxyprogesterone D8 [QUANL],17-hydroxyprogesterone D8 [QUANL],20260212_SST06.mzML,2026-02-12T15:40:44Z,1,SPL,339.300,113.100,36.0,+,5.184,856033.4,112211.5,0.113,4.925,5.513
17-hydroxyprogesterone D8 [QUANL],17-hydroxyprogesterone D8 [QUANL],20260212_SST07.mzML,2026-02-12T15:54:07Z,1,SPL,339.300,113.100,36.0,+,5.172,974068.2,130610.0,0.113,4.937,5.501
17-hydroxyprogesterone D8 [QUANL],17-hydroxyprogesterone D8 [QUANL],20260212_SST08.mzML,2026-02-12T16:07:33Z,1,SPL,339.300,113.100,36.0,+,5.184,900644.4,116031.4,0.116,4.925,5.513
17-hydroxyprogesterone D8 [QUANL],17-hydroxyprogesterone D8 [QUANL],20260212_SST09.mzML,2026-02-12T16:20:56Z,1,SPL,339.300,113.100,36.0,+,5.172,896292.2,116211.5,0.115,4.913,5.501
17-hydroxyprogesterone D8 [QUANL],17-hydroxyprogesterone D8 [QUANL],20260212_SST10.mzML,2026-02-12T16:34:17Z,1,SPL,339.300,113.100,36.0,+,5.172,881091.1,118966.2,0.112,4.925,5.513
17-hydroxyprogesterone [QUANL],17-hydroxyprogesterone [QUANL],20260212_SST01.mzML,2026-02-12T14:33:45Z,1,SPL,331.300,97.100,36.0,+,5.243,1374273.4,188864.5,0.112,5.020,5.596
17-hydroxyprogesterone [QUANL],17-hydroxyprogesterone [QUANL],20260212_SST02.mzML,2026-02-12T14:47:15Z,1,SPL,331.300,97.100,36.0,+,5.232,1332322.2,178660.8,0.114,5.043,5.596
17-hydroxyprogesterone [QUANL],17-hydroxyprogesterone [QUANL],20260212_SST03.mzML,2026-02-12T15:00:36Z,1,SPL,331.300,97.100,36.0,+,5.232,1327234.9,173299.6,0.119,5.020,5.596
17-hydroxyprogesterone [QUANL],17-hydroxyprogesterone [QUANL],20260212_SST04.mzML,2026-02-12T15:13:59Z,1,SPL,331.300,97.100,36.0,+,5.232,1185238.1,152850.5,0.120,5.032,5.585
17-hydroxyprogesterone [QUANL],17-hydroxyprogesterone [QUANL],20260212_SST05.mzML,2026-02-12T15:27:20Z,1,SPL,331.300,97.100,36.0,+,5.232,1249257.4,170031.4,0.114,4.996,5.585
17-hydroxyprogesterone [QUANL],17-hydroxyprogesterone [QUANL],20260212_SST06.mzML,2026-02-12T15:40:44Z,1,SPL,331.300,97.100,36.0,+,5.243,1285819.5,161006.4,0.124,5.032,5.596
17-hydroxyprogesterone [QUANL],17-hydroxyprogesterone [QUANL],20260212_SST07.mzML,2026-02-12T15:54:07Z,1,SPL,331.300,97.100,36.0,+,5.232,1249876.4,166064.6,0.118,5.032,5.585
17-hydroxyprogesterone [QUANL],17-hydroxyprogesterone [QUANL],20260212_SST08.mzML,2026-02-12T16:07:33Z,1,SPL,331.300,97.100,36.0,+,5.243,1186747.0,149417.6,0.124,5.020,5.596
17-hydroxyprogesterone [QUANL],17-hydroxyprogesterone [QUANL],20260212_SST09.mzML,2026-02-12T16:20:56Z,1,SPL,331.300,97.100,36.0,+,5.232,1246816.0,156639.3,0.124,5.043,5.585
17-hydroxyprogesterone [QUANL],17-hydroxyprogesterone [QUANL],20260212_SST10.mzML,2026-02-12T16:34:17Z,1,SPL,331.300,97.100,36.0,+,5.243,1135596.6,146951.4,0.118,5.008,5.585
21-deoxycortisol,21-deoxycortisol,20260212_SST01.mzML,2026-02-12T14:33:45Z,1,SPL,347.300,311.200,15.0,+,3.512,451454.9,75688.4,0.093,3.336,3.595
21-deoxycortisol,21-deoxycortisol,20260212_SST02.mzML,2026-02-12T14:47:15Z,1,SPL,347.300,311.200,15.0,+,3.501,489287.3,81024.4,0.095,3.324,3.595
21-deoxycortisol,21-deoxycortisol,20260212_SST03.mzML,2026-02-12T15:00:36Z,1,SPL,347.300,311.200,15.0,+,3.501,476888.8,78036.3,0.098,3.336,3.595
21-deoxycortisol,21-deoxycortisol,20260212_SST04.mzML,2026-02-12T15:13:59Z,1,SPL,347.300,311.200,15.0,+,3.512,488769.0,81795.9,0.093,3.324,3.595
21-deoxycortisol,21-deoxycortisol,20260212_SST05.mzML,2026-02-12T15:27:20Z,1,SPL,347.300,311.200,15.0,+,3.501,513558.7,83922.2,0.098,3.336,3.595
21-deoxycortisol,21-deoxycortisol,20260212_SST06.mzML,2026-02-12T15:40:44Z,1,SPL,347.300,311.200,15.0,+,3.512,525109.2,90697.9,0.094,3.348,3.595
21-deoxycortisol,21-deoxycortisol,20260212_SST07.mzML,2026-02-12T15:54:07Z,1,SPL,347.300,311.200,15.0,+,3.512,501905.1,79945.0,0.101,3.324,3.595
21-deoxycortisol,21-deoxycortisol,20260212_SST08.mzML,2026-02-12T16:07:33Z,1,SPL,347.300,311.200,15.0,+,3.501,478338.6,78962.0,0.100,3.336,3.595
21-deoxycortisol,21-deoxycortisol,20260212_SST09.mzML,2026-02-12T16:20:56Z,1,SPL,347.300,311.200,15.0,+,3.501,478573.4,80645.8,0.096,3.324,3.595
21-deoxycortisol,21-deoxycortisol,20260212_SST10.mzML,2026-02-12T16:34:17Z,1,SPL,347.300,311.200,15.0,+,3.512,473955.2,77778.9,0.096,3.324,3.595
21-deoxycortisol D8,21-deoxycortisol D8,20260212_SST01.mzML,2026-02-12T14:33:45Z,1,SPL,355.300,319.200,15.0,+,3.476,388988.2,61980.6,0.101,3.300,3.641
21-deoxycortisol D8,21-deoxycortisol D8,20260212_SST02.mzML,2026-02-12T14:47:15Z,1,SPL,355.300,319.200,15.0,+,3.464,380896.6,62534.6,0.095,3.288,3.617
21-deoxycortisol D8,21-deoxycortisol D8,20260212_SST03.mzML,2026-02-12T15:00:36Z,1,SPL,355.300,319.200,15.0,+,3.476,328541.4,53504.0,0.094,3.300,3.629
21-deoxycortisol D8,21-deoxycortisol D8,20260212_SST04.mzML,2026-02-12T15:13:59Z,1,SPL,355.300,319.200,15.0,+,3.464,395032.9,65431.0,0.095,3.288,3.629
21-deoxycortisol D8,21-deoxycortisol D8,20260212_SST05.mzML,2026-02-12T15:27:20Z,1,SPL,355.300,319.200,15.0,+,3.476,406493.6,64261.1,0.099,3.288,3.617
21-deoxycortisol D8,21-deoxycortisol D8,20260212_SST06.mzML,2026-02-12T15:40:44Z,1,SPL,355.300,319.200,15.0,+,3.476,368655.7,61862.6,0.095,3.300,3.617
21-deoxycortisol D8,21-deoxycortisol D8,20260212_SST07.mzML,2026-02-12T15:54:07Z,1,SPL,355.300,319.200,15.0,+,3.476,366684.3,62035.9,0.092,3.288,3.606
21-deoxycortisol D8,21-deoxycortisol D8,20260212_SST08.mzML,2026-02-12T16:07:33Z,1,SPL,355.300,319.200,15.0,+,3.476,369741.8,60274.5,0.098,3.300,3.629
21-deoxycortisol D8,21-deoxycortisol D8,20260212_SST09.mzML,2026-02-12T16:20:56Z,1,SPL,355.300,319.200,15.0,+,3.476,358186.5,58245.7,0.096,3.288,3.629
21-deoxycortisol D8,21-deoxycortisol D8,20260212_SST10.mzML,2026-02-12T16:34:17Z,1,SPL,355.300,319.200,15.0,+,3.476,355595.9,58278.9,0.096,3.288,3.606
21-deoxycortisol D8 [QUAL],21-deoxycortisol D8 [QUAL],20260212_SST01.mzML,2026-02-12T14:33:45Z,1,SPL,355.300,125.100,28.0,+,3.476,114931.4,17901.2,0.101,3.300,3.653
21-deoxycortisol D8 [QUAL],21-deoxycortisol D8 [QUAL],20260212_SST02.mzML,2026-02-12T14:47:15Z,1,SPL,355.300,125.100,28.0,+,3.464,106785.8,17215.2,0.094,3.288,3.641
21-deoxycortisol D8 [QUAL],21-deoxycortisol D8 [QUAL],20260212_SST03.mzML,2026-02-12T15:00:36Z,1,SPL,355.300,125.100,28.0,+,3.476,118254.4,19579.0,0.093,3.288,3.641
21-deoxycortisol D8 [QUAL],21-deoxycortisol D8 [QUAL],20260212_SST04.mzML,2026-02-12T15:13:59Z,1,SPL,355.300,125.100,28.0,+,3.464,113425.4,18719.0,0.091,3.288,3.653
21-deoxycortisol D8 [QUAL],21-deoxycortisol D8 [QUAL],20260212_SST05.mzML,2026-02-12T15:27:20Z,1,SPL,355.300,125.100,28.0,+,3.476,114012.5,18620.1,0.098,3.288,3.641
21-deoxycortisol D8 [QUAL],21-deoxycortisol D8 [QUAL],20260212_SST06.mzML,2026-02-12T15:40:44Z,1,SPL,355.300,125.100,28.0,+,3.476,106255.6,16975.3,0.097,3.300,3.688
21-deoxycortisol D8 [QUAL],21-deoxycortisol D8 [QUAL],20260212_SST07.mzML,2026-02-12T15:54:07Z,1,SPL,355.300,125.100,28.0,+,3.464,105018.9,16634.3,0.097,3.288,3.688
21-deoxycortisol D8 [QUAL],21-deoxycortisol D8 [QUAL],20260212_SST08.mzML,2026-02-12T16:07:33Z,1,SPL,355.300,125.100,28.0,+,3.476,101759.7,16511.2,0.093,3.300,3.664
21-deoxycortisol D8 [QUAL],21-deoxycortisol D8 [QUAL],20260212_SST09.mzML,2026-02-12T16:20:56Z,1,SPL,355.300,125.100,28.0,+,3.476,104485.9,16896.7,0.097,3.288,3.629
21-deoxycortisol D8 [QUAL],21-deoxycortisol D8 [QUAL],20260212_SST10.mzML,2026-02-12T16:34:17Z,1,SPL,355.300,125.100,28.0,+,3.464,107071.6,17183.7,0.095,3.288,3.641
21-deoxycortisol [QUAL2],21-deoxycortisol [QUAL2],20260212_SST01.mzML,2026-02-12T14:33:45Z,1,SPL,347.300,43.100,60.0,+,3.513,292522.1,46335.5,0.103,3.336,3.607
21-deoxycortisol [QUAL2],21-deoxycortisol [QUAL2],20260212_SST02.mzML,2026-02-12T14:47:15Z,1,SPL,347.300,43.100,60.0,+,3.513,262589.2,39662.4,0.109,3.336,3.595
21-deoxycortisol [QUAL2],21-deoxycortisol [QUAL2],20260212_SST03.mzML,2026-02-12T15:00:36Z,1,SPL,347.300,43.100,60.0,+,3.513,283250.3,46548.9,0.100,3.348,3.595
21-deoxycortisol [QUAL2],21-deoxycortisol [QUAL2],20260212_SST04.mzML,2026-02-12T15:13:59Z,1,SPL,347.300,43.100,60.0,+,3.501,284284.4,48427.3,0.092,3.324,3.595
21-deoxycortisol [QUAL2],21-deoxycortisol [QUAL2],20260212_SST05.mzML,2026-02-12T15:27:20Z,1,SPL,347.300,43.100,60.0,+,3.513,290529.8,47266.8,0.096,3.336,3.607
21-deoxycortisol [QUAL2],21-deoxycortisol [QUAL2],20260212_SST06.mzML,2026-02-12T15:40:44Z,1,SPL,347.300,43.100,60.0,+,3.501,307773.6,51807.4,0.095,3.348,3.607
21-deoxycortisol [QUAL2],21-deoxycortisol [QUAL2],20260212_SST07.mzML,2026-02-12T15:54:07Z,1,SPL,347.300,43.100,60.0,+,3.501,269953.1,42543.9,0.106,3.324,3.595
21-deoxycortisol [QUAL2],21-deoxycortisol [QUAL2],20260212_SST08.mzML,2026-02-12T16:07:33Z,1,SPL,347.300,43.100,60.0,+,3.513,305176.7,48531.3,0.100,3.336,3.607
21-deoxycortisol [QUAL2],21-deoxycortisol [QUAL2],20260212_SST09.mzML,2026-02-12T16:20:56Z,1,SPL,347.300,43.100,60.0,+,3.501,298728.4,47492.4,0.100,3.348,3.607
21-deoxycortisol [QUAL2],21-deoxycortisol [QUAL2],20260212_SST10.mzML,2026-02-12T16:34:17Z,1,SPL,347.300,43.100,60.0,+,3.513,284219.3,46081.3,0.102,3.348,3.595
21-deoxycortisol [QUAL],21-deoxycortisol [QUAL],20260212_SST01.mzML,2026-02-12T14:33:45Z,1,SPL,347.300,121.100,28.0,+,3.512,230389.5,36243.4,0.104,3.336,3.593
21-deoxycortisol [QUAL],21-deoxycortisol [QUAL],20260212_SST02.mzML,2026-02-12T14:47:15Z,1,SPL,347.300,121.100,28.0,+,3.512,248593.1,40742.5,0.099,3.326,3.583
21-deoxycortisol [QUAL],21-deoxycortisol [QUAL],20260212_SST03.mzML,2026-02-12T15:00:36Z,1,SPL,347.300,121.100,28.0,+,3.512,250226.4,40129.0,0.106,3.326,3.583
21-deoxycortisol [QUAL],21-deoxycortisol [QUAL],20260212_SST04.mzML,2026-02-12T15:13:59Z,1,SPL,347.300,121.100,28.0,+,3.501,245881.2,39771.3,0.100,3.326,3.583
21-deoxycortisol [QUAL],21-deoxycortisol [QUAL],20260212_SST05.mzML,2026-02-12T15:27:20Z,1,SPL,347.300,121.100,28.0,+,3.512,262882.9,44734.8,0.098,3.326,3.583
21-deoxycortisol [QUAL],21-deoxycortisol [QUAL],20260212_SST06.mzML,2026-02-12T15:40:44Z,1,SPL,347.300,121.100,28.0,+,3.512,281456.5,49133.5,0.092,3.326,3.583
21-deoxycortisol [QUAL],21-deoxycortisol [QUAL],20260212_SST07.mzML,2026-02-12T15:54:07Z,1,SPL,347.300,121.100,28.0,+,3.501,246762.9,40817.4,0.099,3.326,3.583
21-deoxycortisol [QUAL],21-deoxycortisol [QUAL],20260212_SST08.mzML,2026-02-12T16:07:33Z,1,SPL,347.300,121.100,28.0,+,3.501,248094.2,40853.9,0.098,3.326,3.583
21-deoxycortisol [QUAL],21-deoxycortisol [QUAL],20260212_SST09.mzML,2026-02-12T16:20:56Z,1,SPL,347.300,121.100,28.0,+,3.512,262279.1,41952.5,0.106,3.326,3.583
21-deoxycortisol [QUAL],21-deoxycortisol [QUAL],20260212_SST10.mzML,2026-02-12T16:34:17Z,1,SPL,347.300,121.100,28.0,+,3.512,241758.7,39411.3,0.098,3.326,3.583
Aldosterone,Aldosterone,20260212_SST01.mzML,2026-02-12T14:33:45Z,1,SPL,361.200,315.200,20.0,+,2.464,530745.9,75827.6,0.107,2.287,2.687
Aldosterone,Aldosterone,20260212_SST02.mzML,2026-02-12T14:47:15Z,1,SPL,361.200,315.200,20.0,+,2.452,586138.8,85108.4,0.107,2.276,2.664
Aldosterone,Aldosterone,20260212_SST03.mzML,2026-02-12T15:00:36Z,1,SPL,361.200,315.200,20.0,+,2.464,623358.4,93329.7,0.100,2.287,2.699
Aldosterone,Aldosterone,20260212_SST04.mzML,2026-02-12T15:13:59Z,1,SPL,361.200,315.200,20.0,+,2.464,619397.9,85701.2,0.115,2.287,2.687
Aldosterone,Aldosterone,20260212_SST05.mzML,2026-02-12T15:27:20Z,1,SPL,361.200,315.200,20.0,+,2.464,569755.8,79839.9,0.109,2.287,2.687
Aldosterone,Aldosterone,20260212_SST06.mzML,2026-02-12T15:40:44Z,1,SPL,361.200,315.200,20.0,+,2.452,610260.8,84704.8,0.112,2.287,2.687
Aldosterone,Aldosterone,20260212_SST07.mzML,2026-02-12T15:54:07Z,1,SPL,361.200,315.200,20.0,+,2.464,528237.4,71022.2,0.114,2.276,2.687
Aldosterone,Aldosterone,20260212_SST08.mzML,2026-02-12T16:07:33Z,1,SPL,361.200,315.200,20.0,+,2.464,612239.9,87635.1,0.107,2.299,2.699
Aldosterone,Aldosterone,20260212_SST09.mzML,2026-02-12T16:20:56Z,1,SPL,361.200,315.200,20.0,+,2.464,554176.5,77893.3,0.108,2.287,2.664
Aldosterone,Aldosterone,20260212_SST10.mzML,2026-02-12T16:34:17Z,1,SPL,361.200,315.200,20.0,+,2.464,553646.8,78515.0,0.108,2.287,2.687
Aldosterone D4,Aldosterone D4,20260212_SST01.mzML,2026-02-12T14:33:45Z,1,SPL,365.200,319.200,20.0,+,2.451,476022.9,69764.9,0.105,2.275,2.804
Aldosterone D4,Aldosterone D4,20260212_SST02.mzML,2026-02-12T14:47:15Z,1,SPL,365.200,319.200,20.0,+,2.439,465321.9,64093.0,0.112,2.263,2.792
Aldosterone D4,Aldosterone D4,20260212_SST03.mzML,2026-02-12T15:00:36Z,1,SPL,365.200,319.200,20.0,+,2.451,437304.0,58276.4,0.112,2.286,2.804
Aldosterone D4,Aldosterone D4,20260212_SST04.mzML,2026-02-12T15:13:59Z,1,SPL,365.200,319.200,20.0,+,2.451,479549.9,69897.2,0.104,2.275,2.792
Aldosterone D4,Aldosterone D4,20260212_SST05.mzML,2026-02-12T15:27:20Z,1,SPL,365.200,319.200,20.0,+,2.451,500215.7,73068.4,0.101,2.263,2.792
Aldosterone D4,Aldosterone D4,20260212_SST06.mzML,2026-02-12T15:40:44Z,1,SPL,365.200,319.200,20.0,+,2.439,477230.0,66663.1,0.110,2.263,2.792
Aldosterone D4,Aldosterone D4,20260212_SST07.mzML,2026-02-12T15:54:07Z,1,SPL,365.200,319.200,20.0,+,2.439,514746.3,75361.7,0.106,2.263,2.792
Aldosterone D4,Aldosterone D4,20260212_SST08.mzML,2026-02-12T16:07:33Z,1,SPL,365.200,319.200,20.0,+,2.451,455037.4,62372.0,0.111,2.286,2.804
Aldosterone D4,Aldosterone D4,20260212_SST09.mzML,2026-02-12T16:20:56Z,1,SPL,365.200,319.200,20.0,+,2.439,483011.9,66571.2,0.110,2.263,2.792
Aldosterone D4,Aldosterone D4,20260212_SST10.mzML,2026-02-12T16:34:17Z,1,SPL,365.200,319.200,20.0,+,2.451,500792.4,70633.4,0.108,2.286,2.792
Aldosterone D4 [QUAL],Aldosterone D4 [QUAL],20260212_SST01.mzML,2026-02-12T14:33:45Z,1,SPL,365.200,347.200,16.0,+,2.439,645807.6,88506.4,0.117,2.286,2.675
Aldosterone D4 [QUAL],Aldosterone D4 [QUAL],20260212_SST02.mzML,2026-02-12T14:47:15Z,1,SPL,365.200,347.200,16.0,+,2.439,680167.1,95744.6,0.109,2.263,2.663
Aldosterone D4 [QUAL],Aldosterone D4 [QUAL],20260212_SST03.mzML,2026-02-12T15:00:36Z,1,SPL,365.200,347.200,16.0,+,2.451,718833.4,103113.8,0.108,2.275,2.675
Aldosterone D4 [QUAL],Aldosterone D4 [QUAL],20260212_SST04.mzML,2026-02-12T15:13:59Z,1,SPL,365.200,347.200,16.0,+,2.451,727803.1,105465.0,0.104,2.263,2.675
Aldosterone D4 [QUAL],Aldosterone D4 [QUAL],20260212_SST05.mzML,2026-02-12T15:27:20Z,1,SPL,365.200,347.200,16.0,+,2.451,683980.2,98134.5,0.107,2.275,2.663
Aldosterone D4 [QUAL],Aldosterone D4 [QUAL],20260212_SST06.mzML,2026-02-12T15:40:44Z,1,SPL,365.200,347.200,16.0,+,2.451,749767.7,104607.2,0.115,2.275,2.675
Aldosterone D4 [QUAL],Aldosterone D4 [QUAL],20260212_SST07.mzML,2026-02-12T15:54:07Z,1,SPL,365.200,347.200,16.0,+,2.451,674653.8,90608.8,0.116,2.263,2.651
Aldosterone D4 [QUAL],Aldosterone D4 [QUAL],20260212_SST08.mzML,2026-02-12T16:07:33Z,1,SPL,365.200,347.200,16.0,+,2.451,672482.6,93916.2,0.109,2.286,2.675
Aldosterone D4 [QUAL],Aldosterone D4 [QUAL],20260212_SST09.mzML,2026-02-12T16:20:56Z,1,SPL,365.200,347.200,16.0,+,2.451,727401.3,105409.4,0.104,2.286,2.663
Aldosterone D4 [QUAL],Aldosterone D4 [QUAL],20260212_SST10.mzML,2026-02-12T16:34:17Z,1,SPL,365.200,347.200,16.0,+,2.439,663864.6,91119.5,0.113,2.286,2.686
Aldosterone [QUAL],Aldosterone [QUAL],20260212_SST01.mzML,2026-02-12T14:33:45Z,1,SPL,361.200,343.100,16.0,+,2.464,1133179.4,166716.1,0.106,2.299,2.664
Aldosterone [QUAL],Aldosterone [QUAL],20260212_SST02.mzML,2026-02-12T14:47:15Z,1,SPL,361.200,343.100,16.0,+,2.452,1121044.8,158420.7,0.109,2.264,2.652
Aldosterone [QUAL],Aldosterone [QUAL],20260212_SST03.mzML,2026-02-12T15:00:36Z,1,SPL,361.200,343.100,16.0,+,2.464,1201813.2,174508.0,0.105,2.276,2.664
Aldosterone [QUAL],Aldosterone [QUAL],20260212_SST04.mzML,2026-02-12T15:13:59Z,1,SPL,361.200,343.100,16.0,+,2.464,1220927.4,171346.8,0.112,2.264,2.664
Aldosterone [QUAL],Aldosterone [QUAL],20260212_SST05.mzML,2026-02-12T15:27:20Z,1,SPL,361.200,343.100,16.0,+,2.464,1435621.5,212819.3,0.098,2.287,2.652
Aldosterone [QUAL],Aldosterone [QUAL],20260212_SST06.mzML,2026-02-12T15:40:44Z,1,SPL,361.200,343.100,16.0,+,2.464,1123262.0,155413.2,0.112,2.276,2.664
Aldosterone [QUAL],Aldosterone [QUAL],20260212_SST07.mzML,2026-02-12T15:54:07Z,1,SPL,361.200,343.100,16.0,+,2.452,1260045.0,177945.4,0.111,2.276,2.664
Aldosterone [QUAL],Aldosterone [QUAL],20260212_SST08.mzML,2026-02-12T16:07:33Z,1,SPL,361.200,343.100,16.0,+,2.464,1231002.5,176754.0,0.108,2.276,2.664
Aldosterone [QUAL],Aldosterone [QUAL],20260212_SST09.mzML,2026-02-12T16:20:56Z,1,SPL,361.200,343.100,16.0,+,2.464,1189090.8,166623.2,0.110,2.276,2.664
Aldosterone [QUAL],Aldosterone [QUAL],20260212_SST10.mzML,2026-02-12T16:34:17Z,1,SPL,361.200,343.100,16.0,+,2.452,1256795.8,172577.3,0.115,2.299,2.652
Androstenedione,Androstenedione,20260212_SST01.mzML,2026-02-12T14:33:45Z,1,SPL,287.200,97.100,28.0,+,4.258,4796557.0,731921.4,0.098,4.081,4.622
Androstenedione,Androstenedione,20260212_SST02.mzML,2026-02-12T14:47:15Z,1,SPL,287.200,97.100,28.0,+,4.258,5238374.5,812530.0,0.098,4.081,4.622
Androstenedione,Androstenedione,20260212_SST03.mzML,2026-02-12T15:00:36Z,1,SPL,287.200,97.100,28.0,+,4.258,4647576.0,710768.2,0.101,4.081,4.622
Androstenedione,Androstenedione,20260212_SST04.mzML,2026-02-12T15:13:59Z,1,SPL,287.200,97.100,28.0,+,4.246,4494379.0,660752.6,0.100,4.069,4.611
Androstenedione,Androstenedione,20260212_SST05.mzML,2026-02-12T15:27:20Z,1,SPL,287.200,97.100,28.0,+,4.258,4529810.0,654057.5,0.103,4.069,4.611
Androstenedione,Androstenedione,20260212_SST06.mzML,2026-02-12T15:40:44Z,1,SPL,287.200,97.100,28.0,+,4.269,4283891.0,627423.2,0.102,4.081,4.622
Androstenedione,Androstenedione,20260212_SST07.mzML,2026-02-12T15:54:07Z,1,SPL,287.200,97.100,28.0,+,4.246,4488566.0,700713.6,0.092,4.069,4.611
Androstenedione,Androstenedione,20260212_SST08.mzML,2026-02-12T16:07:33Z,1,SPL,287.200,97.100,28.0,+,4.258,4473632.5,690687.1,0.097,4.069,4.611
Androstenedione,Androstenedione,20260212_SST09.mzML,2026-02-12T16:20:56Z,1,SPL,287.200,97.100,28.0,+,4.258,4711151.5,750439.9,0.092,4.069,4.611
Androstenedione,Androstenedione,20260212_SST10.mzML,2026-02-12T16:34:17Z,1,SPL,287.200,97.100,28.0,+,4.246,4564569.0,712491.0,0.095,4.069,4.611
Androstenedione 13C3,Androstenedione 13C3,20260212_SST01.mzML,2026-02-12T14:33:45Z,1,SPL,290.200,100.100,29.0,+,4.257,4817232.0,753901.9,0.097,4.080,4.622
Androstenedione 13C3,Androstenedione 13C3,20260212_SST02.mzML,2026-02-12T14:47:15Z,1,SPL,290.200,100.100,29.0,+,4.257,4310093.0,611440.5,0.106,4.069,4.610
Androstenedione 13C3,Androstenedione 13C3,20260212_SST03.mzML,2026-02-12T15:00:36Z,1,SPL,290.200,100.100,29.0,+,4.257,4541504.5,668725.2,0.103,4.080,4.622
Androstenedione 13C3,Androstenedione 13C3,20260212_SST04.mzML,2026-02-12T15:13:59Z,1,SPL,290.200,100.100,29.0,+,4.257,4874231.0,755377.0,0.098,4.069,4.610
Androstenedione 13C3,Androstenedione 13C3,20260212_SST05.mzML,2026-02-12T15:27:20Z,1,SPL,290.200,100.100,29.0,+,4.257,4527918.0,677628.6,0.098,4.080,4.622
Androstenedione 13C3,Androstenedione 13C3,20260212_SST06.mzML,2026-02-12T15:40:44Z,1,SPL,290.200,100.100,29.0,+,4.269,4930415.0,742718.6,0.098,4.080,4.622
Androstenedione 13C3,Androstenedione 13C3,20260212_SST07.mzML,2026-02-12T15:54:07Z,1,SPL,290.200,100.100,29.0,+,4.257,4843096.0,746788.4,0.096,4.069,4.610
Androstenedione 13C3,Androstenedione 13C3,20260212_SST08.mzML,2026-02-12T16:07:33Z,1,SPL,290.200,100.100,29.0,+,4.257,4364488.5,653715.9,0.097,4.080,4.622
Androstenedione 13C3,Androstenedione 13C3,20260212_SST09.mzML,2026-02-12T16:20:56Z,1,SPL,290.200,100.100,29.0,+,4.245,4490911.0,676570.7,0.099,4.069,4.610
Androstenedione 13C3,Androstenedione 13C3,20260212_SST10.mzML,2026-02-12T16:34:17Z,1,SPL,290.200,100.100,29.0,+,4.245,4724063.0,750630.4,0.093,4.069,4.610
Androstenedione 13C3 [QUAL],Androstenedione 13C3 [QUAL],20260212_SST01.mzML,2026-02-12T14:33:45Z,1,SPL,290.200,112.100,29.0,+,4.269,3208758.2,494338.5,0.094,4.080,4.622
Androstenedione 13C3 [QUAL],Androstenedione 13C3 [QUAL],20260212_SST02.mzML,2026-02-12T14:47:15Z,1,SPL,290.200,112.100,29.0,+,4.257,2769834.2,400252.2,0.104,4.069,4.610
Androstenedione 13C3 [QUAL],Androstenedione 13C3 [QUAL],20260212_SST03.mzML,2026-02-12T15:00:36Z,1,SPL,290.200,112.100,29.0,+,4.257,3026393.2,439244.3,0.106,4.069,4.610
Androstenedione 13C3 [QUAL],Androstenedione 13C3 [QUAL],20260212_SST04.mzML,2026-02-12T15:13:59Z,1,SPL,290.200,112.100,29.0,+,4.257,3535492.8,563504.1,0.093,4.069,4.610
Androstenedione 13C3 [QUAL],Androstenedione 13C3 [QUAL],20260212_SST05.mzML,2026-02-12T15:27:20Z,1,SPL,290.200,112.100,29.0,+,4.257,3288170.5,512256.2,0.096,4.069,4.610
Androstenedione 13C3 [QUAL],Androstenedione 13C3 [QUAL],20260212_SST06.mzML,2026-02-12T15:40:44Z,1,SPL,290.200,112.100,29.0,+,4.257,3221550.2,460509.5,0.105,4.080,4.622
Androstenedione 13C3 [QUAL],Androstenedione 13C3 [QUAL],20260212_SST07.mzML,2026-02-12T15:54:07Z,1,SPL,290.200,112.100,29.0,+,4.245,3363260.8,499106.5,0.103,4.057,4.598
Androstenedione 13C3 [QUAL],Androstenedione 13C3 [QUAL],20260212_SST08.mzML,2026-02-12T16:07:33Z,1,SPL,290.200,112.100,29.0,+,4.245,3121602.5,483507.6,0.098,4.069,4.598
Androstenedione 13C3 [QUAL],Androstenedione 13C3 [QUAL],20260212_SST09.mzML,2026-02-12T16:20:56Z,1,SPL,290.200,112.100,29.0,+,4.245,2968941.5,432687.6,0.103,4.069,4.610
Androstenedione 13C3 [QUAL],Androstenedione 13C3 [QUAL],20260212_SST10.mzML,2026-02-12T16:34:17Z,1,SPL,290.200,112.100,29.0,+,4.245,3030076.5,464153.5,0.098,4.069,4.610
Androstenedione [QUAL],Androstenedione [QUAL],20260212_SST01.mzML,2026-02-12T14:33:45Z,1,SPL,287.200,109.100,28.0,+,4.258,3426835.2,514200.8,0.101,4.081,4.611
Androstenedione [QUAL],Androstenedione [QUAL],20260212_SST02.mzML,2026-02-12T14:47:15Z,1,SPL,287.200,109.100,28.0,+,4.246,3190808.0,466316.2,0.103,4.069,4.599
Androstenedione [QUAL],Androstenedione [QUAL],20260212_SST03.mzML,2026-02-12T15:00:36Z,1,SPL,287.200,109.100,28.0,+,4.258,3432960.5,494324.7,0.106,4.081,4.599
Androstenedione [QUAL],Androstenedione [QUAL],20260212_SST04.mzML,2026-02-12T15:13:59Z,1,SPL,287.200,109.100,28.0,+,4.258,3663389.5,540979.9,0.104,4.069,4.599
Androstenedione [QUAL],Androstenedione [QUAL],20260212_SST05.mzML,2026-02-12T15:27:20Z,1,SPL,287.200,109.100,28.0,+,4.246,3494483.2,522285.0,0.101,4.069,4.599
Androstenedione [QUAL],Androstenedione [QUAL],20260212_SST06.mzML,2026-02-12T15:40:44Z,1,SPL,287.200,109.100,28.0,+,4.258,3596496.0,541055.8,0.102,4.081,4.611
Androstenedione [QUAL],Androstenedione [QUAL],20260212_SST07.mzML,2026-02-12T15:54:07Z,1,SPL,287.200,109.100,28.0,+,4.258,3327843.8,503819.5,0.097,4.069,4.575
Androstenedione [QUAL],Androstenedione [QUAL],20260212_SST08.mzML,2026-02-12T16:07:33Z,1,SPL,287.200,109.100,28.0,+,4.258,2976681.8,418881.2,0.108,4.069,4.599
Androstenedione [QUAL],Androstenedione [QUAL],20260212_SST09.mzML,2026-02-12T16:20:56Z,1,SPL,287.200,109.100,28.0,+,4.258,3450623.5,539660.7,0.095,4.069,4.599
Androstenedione [QUAL],Androstenedione [QUAL],20260212_SST10.mzML,2026-02-12T16:34:17Z,1,SPL,287.200,109.100,28.0,+,4.246,3690259.2,569430.1,0.098,4.069,4.564
Corticosterone,Corticosterone,20260212_SST01.mzML,2026-02-12T14:33:45Z,1,SPL,347.300,121.100,28.0,+,3.677,752890.3,113312.5,0.099,3.583,3.819
Corticosterone,Corticosterone,20260212_SST02.mzML,2026-02-12T14:47:15Z,1,SPL,347.300,121.100,28.0,+,3.666,678446.1,104297.4,0.100,3.583,3.783
Corticosterone,Corticosterone,20260212_SST03.mzML,2026-02-12T15:00:36Z,1,SPL,347.300,121.100,28.0,+,3.666,613529.6,91471.2,0.103,3.583,3.783
Corticosterone,Corticosterone,20260212_SST04.mzML,2026-02-12T15:13:59Z,1,SPL,347.300,121.100,28.0,+,3.666,596054.0,90369.8,0.098,3.583,3.795
Corticosterone,Corticosterone,20260212_SST05.mzML,2026-02-12T15:27:20Z,1,SPL,347.300,121.100,28.0,+,3.666,626854.5,94416.3,0.101,3.572,3.783
Corticosterone,Corticosterone,20260212_SST06.mzML,2026-02-12T15:40:44Z,1,SPL,347.300,121.100,28.0,+,3.677,613594.5,96842.7,0.100,3.595,3.783
Corticosterone,Corticosterone,20260212_SST07.mzML,2026-02-12T15:54:07Z,1,SPL,347.300,121.100,28.0,+,3.677,632479.7,101339.7,0.098,3.583,3.783
Corticosterone,Corticosterone,20260212_SST08.mzML,2026-02-12T16:07:33Z,1,SPL,347.300,121.100,28.0,+,3.677,747278.2,113877.7,0.102,3.583,3.819
Corticosterone,Corticosterone,20260212_SST09.mzML,2026-02-12T16:20:56Z,1,SPL,347.300,121.100,28.0,+,3.677,633543.2,95802.4,0.100,3.583,3.807
Corticosterone,Corticosterone,20260212_SST10.mzML,2026-02-12T16:34:17Z,1,SPL,347.300,121.100,28.0,+,3.666,676844.9,101034.6,0.102,3.572,3.795
Corticosterone 13C3,Corticosterone 13C3,20260212_SST01.mzML,2026-02-12T14:33:45Z,1,SPL,350.200,124.100,28.0,+,3.677,488640.2,73352.9,0.100,3.489,4.018
Corticosterone 13C3,Corticosterone 13C3,20260212_SST02.mzML,2026-02-12T14:47:15Z,1,SPL,350.200,124.100,28.0,+,3.665,493885.3,75374.5,0.098,3.477,4.006
Corticosterone 13C3,Corticosterone 13C3,20260212_SST03.mzML,2026-02-12T15:00:36Z,1,SPL,350.200,124.100,28.0,+,3.665,480765.1,72283.9,0.101,3.489,3.947
Corticosterone 13C3,Corticosterone 13C3,20260212_SST04.mzML,2026-02-12T15:13:59Z,1,SPL,350.200,124.100,28.0,+,3.665,500423.4,73920.7,0.103,3.477,3.959
Corticosterone 13C3,Corticosterone 13C3,20260212_SST05.mzML,2026-02-12T15:27:20Z,1,SPL,350.200,124.100,28.0,+,3.677,567064.9,90811.5,0.091,3.489,4.018
Corticosterone 13C3,Corticosterone 13C3,20260212_SST06.mzML,2026-02-12T15:40:44Z,1,SPL,350.200,124.100,28.0,+,3.677,538184.9,81297.8,0.102,3.489,4.018
Corticosterone 13C3,Corticosterone 13C3,20260212_SST07.mzML,2026-02-12T15:54:07Z,1,SPL,350.200,124.100,28.0,+,3.665,490555.9,76933.7,0.095,3.477,4.006
Corticosterone 13C3,Corticosterone 13C3,20260212_SST08.mzML,2026-02-12T16:07:33Z,1,SPL,350.200,124.100,28.0,+,3.665,468454.2,72210.4,0.096,3.489,4.018
Corticosterone 13C3,Corticosterone 13C3,20260212_SST09.mzML,2026-02-12T16:20:56Z,1,SPL,350.200,124.100,28.0,+,3.665,502028.5,79898.3,0.093,3.477,3.959
Corticosterone 13C3,Corticosterone 13C3,20260212_SST10.mzML,2026-02-12T16:34:17Z,1,SPL,350.200,124.100,28.0,+,3.665,442036.4,67518.3,0.095,3.477,4.006
Corticosterone 13C3 [QUAL],Corticosterone 13C3 [QUAL],20260212_SST01.mzML,2026-02-12T14:33:45Z,1,SPL,350.200,332.200,16.0,+,3.688,927651.6,142659.1,0.096,3.489,4.018
Corticosterone 13C3 [QUAL],Corticosterone 13C3 [QUAL],20260212_SST02.mzML,2026-02-12T14:47:15Z,1,SPL,350.200,332.200,16.0,+,3.665,894264.1,138272.6,0.095,3.477,3.994
Corticosterone 13C3 [QUAL],Corticosterone 13C3 [QUAL],20260212_SST03.mzML,2026-02-12T15:00:36Z,1,SPL,350.200,332.200,16.0,+,3.677,955510.0,160021.3,0.088,3.489,3.936
Corticosterone 13C3 [QUAL],Corticosterone 13C3 [QUAL],20260212_SST04.mzML,2026-02-12T15:13:59Z,1,SPL,350.200,332.200,16.0,+,3.665,868711.6,129882.4,0.101,3.477,3.994
Corticosterone 13C3 [QUAL],Corticosterone 13C3 [QUAL],20260212_SST05.mzML,2026-02-12T15:27:20Z,1,SPL,350.200,332.200,16.0,+,3.677,891001.6,135989.0,0.098,3.489,4.006
Corticosterone 13C3 [QUAL],Corticosterone 13C3 [QUAL],20260212_SST06.mzML,2026-02-12T15:40:44Z,1,SPL,350.200,332.200,16.0,+,3.677,826631.6,124750.6,0.100,3.489,4.018
Corticosterone 13C3 [QUAL],Corticosterone 13C3 [QUAL],20260212_SST07.mzML,2026-02-12T15:54:07Z,1,SPL,350.200,332.200,16.0,+,3.677,798175.3,120344.3,0.100,3.489,4.006
Corticosterone 13C3 [QUAL],Corticosterone 13C3 [QUAL],20260212_SST08.mzML,2026-02-12T16:07:33Z,1,SPL,350.200,332.200,16.0,+,3.677,841855.2,129858.9,0.097,3.477,4.006
Corticosterone 13C3 [QUAL],Corticosterone 13C3 [QUAL],20260212_SST09.mzML,2026-02-12T16:20:56Z,1,SPL,350.200,332.200,16.0,+,3.677,788935.1,120220.0,0.100,3.477,3.994
Corticosterone 13C3 [QUAL],Corticosterone 13C3 [QUAL],20260212_SST10.mzML,2026-02-12T16:34:17Z,1,SPL,350.200,332.200,16.0,+,3.665,793175.1,119226.4,0.098,3.477,3.994
Corticosterone [QUAL],Corticosterone [QUAL],20260212_SST01.mzML,2026-02-12T14:33:45Z,1,SPL,347.300,329.300,16.0,+,3.689,909779.9,143358.0,0.103,3.571,3.771
Corticosterone [QUAL],Corticosterone [QUAL],20260212_SST02.mzML,2026-02-12T14:47:15Z,1,SPL,347.300,329.300,16.0,+,3.677,866387.8,132721.3,0.102,3.559,3.771
Corticosterone [QUAL],Corticosterone [QUAL],20260212_SST03.mzML,2026-02-12T15:00:36Z,1,SPL,347.300,329.300,16.0,+,3.677,962953.1,154066.7,0.098,3.571,3.771
Corticosterone [QUAL],Corticosterone [QUAL],20260212_SST04.mzML,2026-02-12T15:13:59Z,1,SPL,347.300,329.300,16.0,+,3.665,904467.6,139127.1,0.101,3.559,3.771
Corticosterone [QUAL],Corticosterone [QUAL],20260212_SST05.mzML,2026-02-12T15:27:20Z,1,SPL,347.300,329.300,16.0,+,3.677,894774.9,140551.0,0.102,3.571,3.771
Corticosterone [QUAL],Corticosterone [QUAL],20260212_SST06.mzML,2026-02-12T15:40:44Z,1,SPL,347.300,329.300,16.0,+,3.677,798677.4,129742.8,0.099,3.559,3.759
Corticosterone [QUAL],Corticosterone [QUAL],20260212_SST07.mzML,2026-02-12T15:54:07Z,1,SPL,347.300,329.300,16.0,+,3.665,824593.9,123985.0,0.104,3.559,3.771
Corticosterone [QUAL],Corticosterone [QUAL],20260212_SST08.mzML,2026-02-12T16:07:33Z,1,SPL,347.300,329.300,16.0,+,3.677,943500.2,153288.8,0.097,3.571,3.771
Corticosterone [QUAL],Corticosterone [QUAL],20260212_SST09.mzML,2026-02-12T16:20:56Z,1,SPL,347.300,329.300,16.0,+,3.665,793875.4,120228.5,0.100,3.559,3.771
Corticosterone [QUAL],Corticosterone [QUAL],20260212_SST10.mzML,2026-02-12T16:34:17Z,1,SPL,347.300,329.300,16.0,+,3.677,855017.8,134357.6,0.100,3.571,3.771
Cortisol,Cortisol,20260212_SST01.mzML,2026-02-12T14:33:45Z,1,SPL,363.200,121.100,40.0,+,3.040,368078.3,56202.0,0.101,2.875,3.381
Cortisol,Cortisol,20260212_SST02.mzML,2026-02-12T14:47:15Z,1,SPL,363.200,121.100,40.0,+,3.028,397811.9,62414.7,0.097,2.863,3.369
Cortisol,Cortisol,20260212_SST03.mzML,2026-02-12T15:00:36Z,1,SPL,363.200,121.100,40.0,+,3.028,378794.6,59592.4,0.097,2.875,3.381
Cortisol,Cortisol,20260212_SST04.mzML,2026-02-12T15:13:59Z,1,SPL,363.200,121.100,40.0,+,3.028,418838.2,66931.3,0.095,2.875,3.369
Cortisol,Cortisol,20260212_SST05.mzML,2026-02-12T15:27:20Z,1,SPL,363.200,121.100,40.0,+,3.028,387601.4,59301.7,0.099,2.863,3.369
Cortisol,Cortisol,20260212_SST06.mzML,2026-02-12T15:40:44Z,1,SPL,363.200,121.100,40.0,+,3.040,389323.5,60704.2,0.096,2.863,3.381
Cortisol,Cortisol,20260212_SST07.mzML,2026-02-12T15:54:07Z,1,SPL,363.200,121.100,40.0,+,3.028,367864.3,56799.5,0.100,2.852,3.369
Cortisol,Cortisol,20260212_SST08.mzML,2026-02-12T16:07:33Z,1,SPL,363.200,121.100,40.0,+,3.028,400483.6,61276.3,0.102,2.863,3.369
Cortisol,Cortisol,20260212_SST09.mzML,2026-02-12T16:20:56Z,1,SPL,363.200,121.100,40.0,+,3.016,392950.6,60224.5,0.098,2.875,3.369
Cortisol,Cortisol,20260212_SST10.mzML,2026-02-12T16:34:17Z,1,SPL,363.200,121.100,40.0,+,3.028,471287.2,77979.9,0.090,2.875,3.369
Cortisol D4,Cortisol D4,20260212_SST01.mzML,2026-02-12T14:33:45Z,1,SPL,367.200,121.100,40.0,+,3.027,232949.2,35537.9,0.101,2.862,3.357
Cortisol D4,Cortisol D4,20260212_SST02.mzML,2026-02-12T14:47:15Z,1,SPL,367.200,121.100,40.0,+,3.015,241256.0,38365.1,0.097,2.862,3.262
Cortisol D4,Cortisol D4,20260212_SST03.mzML,2026-02-12T15:00:36Z,1,SPL,367.200,121.100,40.0,+,3.027,262656.8,42698.4,0.096,2.862,3.368
Cortisol D4,Cortisol D4,20260212_SST04.mzML,2026-02-12T15:13:59Z,1,SPL,367.200,121.100,40.0,+,3.015,251373.0,38419.1,0.100,2.862,3.310
Cortisol D4,Cortisol D4,20260212_SST05.mzML,2026-02-12T15:27:20Z,1,SPL,367.200,121.100,40.0,+,3.027,225449.5,33942.8,0.097,2.862,3.368
Cortisol D4,Cortisol D4,20260212_SST06.mzML,2026-02-12T15:40:44Z,1,SPL,367.200,121.100,40.0,+,3.027,243369.6,38965.7,0.094,2.874,3.368
Cortisol D4,Cortisol D4,20260212_SST07.mzML,2026-02-12T15:54:07Z,1,SPL,367.200,121.100,40.0,+,3.027,234433.8,35367.4,0.101,2.851,3.368
Cortisol D4,Cortisol D4,20260212_SST08.mzML,2026-02-12T16:07:33Z,1,SPL,367.200,121.100,40.0,+,3.015,241744.5,38011.9,0.095,2.862,3.368
Cortisol D4,Cortisol D4,20260212_SST09.mzML,2026-02-12T16:20:56Z,1,SPL,367.200,121.100,40.0,+,3.015,230143.1,35626.6,0.097,2.862,3.357
Cortisol D4,Cortisol D4,20260212_SST10.mzML,2026-02-12T16:34:17Z,1,SPL,367.200,121.100,40.0,+,3.015,231066.8,36754.0,0.095,2.874,3.368
Cortisol D4 [QUAL],Cortisol D4 [QUAL],20260212_SST01.mzML,2026-02-12T14:33:45Z,1,SPL,367.200,77.100,73.0,+,3.027,76215.9,12406.4,0.094,2.886,3.239
Cortisol D4 [QUAL],Cortisol D4 [QUAL],20260212_SST02.mzML,2026-02-12T14:47:15Z,1,SPL,367.200,77.100,73.0,+,3.015,84058.3,13357.1,0.097,2.874,3.262
Cortisol D4 [QUAL],Cortisol D4 [QUAL],20260212_SST03.mzML,2026-02-12T15:00:36Z,1,SPL,367.200,77.100,73.0,+,3.027,85484.0,14358.7,0.089,2.886,3.239
Cortisol D4 [QUAL],Cortisol D4 [QUAL],20260212_SST04.mzML,2026-02-12T15:13:59Z,1,SPL,367.200,77.100,73.0,+,3.015,80919.6,13079.3,0.097,2.874,3.239
Cortisol D4 [QUAL],Cortisol D4 [QUAL],20260212_SST05.mzML,2026-02-12T15:27:20Z,1,SPL,367.200,77.100,73.0,+,3.027,76940.9,12190.3,0.098,2.851,3.262
Cortisol D4 [QUAL],Cortisol D4 [QUAL],20260212_SST06.mzML,2026-02-12T15:40:44Z,1,SPL,367.200,77.100,73.0,+,3.027,70382.4,10618.0,0.103,2.886,3.274
Cortisol D4 [QUAL],Cortisol D4 [QUAL],20260212_SST07.mzML,2026-02-12T15:54:07Z,1,SPL,367.200,77.100,73.0,+,3.015,77977.3,12699.2,0.096,2.862,3.227
Cortisol D4 [QUAL],Cortisol D4 [QUAL],20260212_SST08.mzML,2026-02-12T16:07:33Z,1,SPL,367.200,77.100,73.0,+,3.027,80838.6,13045.8,0.096,2.851,3.274
Cortisol D4 [QUAL],Cortisol D4 [QUAL],20260212_SST09.mzML,2026-02-12T16:20:56Z,1,SPL,367.200,77.100,73.0,+,3.015,76915.2,12358.0,0.095,2.886,3.251
Cortisol D4 [QUAL],Cortisol D4 [QUAL],20260212_SST10.mzML,2026-02-12T16:34:17Z,1,SPL,367.200,77.100,73.0,+,3.015,71120.8,11175.3,0.099,2.874,3.262
Cortisol [QUAL1],Cortisol [QUAL1],20260212_SST01.mzML,2026-02-12T14:33:45Z,1,SPL,363.200,91.100,65.0,+,3.040,185470.9,28920.8,0.101,2.875,3.310
Cortisol [QUAL1],Cortisol [QUAL1],20260212_SST02.mzML,2026-02-12T14:47:15Z,1,SPL,363.200,91.100,65.0,+,3.016,207120.8,33096.8,0.098,2.863,3.357
Cortisol [QUAL1],Cortisol [QUAL1],20260212_SST03.mzML,2026-02-12T15:00:36Z,1,SPL,363.200,91.100,65.0,+,3.028,168055.4,25518.5,0.100,2.863,3.393
Cortisol [QUAL1],Cortisol [QUAL1],20260212_SST04.mzML,2026-02-12T15:13:59Z,1,SPL,363.200,91.100,65.0,+,3.028,207162.3,34161.2,0.094,2.875,3.381
Cortisol [QUAL1],Cortisol [QUAL1],20260212_SST05.mzML,2026-02-12T15:27:20Z,1,SPL,363.200,91.100,65.0,+,3.028,203258.4,32899.0,0.091,2.863,3.369
Cortisol [QUAL1],Cortisol [QUAL1],20260212_SST06.mzML,2026-02-12T15:40:44Z,1,SPL,363.200,91.100,65.0,+,3.040,178682.6,27885.7,0.097,2.887,3.381
Cortisol [QUAL1],Cortisol [QUAL1],20260212_SST07.mzML,2026-02-12T15:54:07Z,1,SPL,363.200,91.100,65.0,+,3.028,181168.4,27727.2,0.100,2.875,3.381
Cortisol [QUAL1],Cortisol [QUAL1],20260212_SST08.mzML,2026-02-12T16:07:33Z,1,SPL,363.200,91.100,65.0,+,3.028,163543.6,26114.0,0.095,2.875,3.381
Cortisol [QUAL1],Cortisol [QUAL1],20260212_SST09.mzML,2026-02-12T16:20:56Z,1,SPL,363.200,91.100,65.0,+,3.028,142313.6,21767.0,0.098,2.875,3.334
Cortisol [QUAL1],Cortisol [QUAL1],20260212_SST10.mzML,2026-02-12T16:34:17Z,1,SPL,363.200,91.100,65.0,+,3.028,176881.2,28772.2,0.093,2.863,3.381
Cortisol [QUAL2],Cortisol [QUAL2],20260212_SST01.mzML,2026-02-12T14:33:45Z,1,SPL,363.200,97.100,28.0,+,3.040,114968.0,18350.8,0.094,2.875,3.357
Cortisol [QUAL2],Cortisol [QUAL2],20260212_SST02.mzML,2026-02-12T14:47:15Z,1,SPL,363.200,97.100,28.0,+,3.028,119593.3,19040.9,0.098,2.852,3.322
Cortisol [QUAL2],Cortisol [QUAL2],20260212_SST03.mzML,2026-02-12T15:00:36Z,1,SPL,363.200,97.100,28.0,+,3.028,122393.1,19667.4,0.096,2.887,3.334
Cortisol [QUAL2],Cortisol [QUAL2],20260212_SST04.mzML,2026-02-12T15:13:59Z,1,SPL,363.200,97.100,28.0,+,3.028,110351.4,17283.8,0.097,2.863,3.381
Cortisol [QUAL2],Cortisol [QUAL2],20260212_SST05.mzML,2026-02-12T15:27:20Z,1,SPL,363.200,97.100,28.0,+,3.028,114687.9,17905.5,0.097,2.863,3.393
Cortisol [QUAL2],Cortisol [QUAL2],20260212_SST06.mzML,2026-02-12T15:40:44Z,1,SPL,363.200,97.100,28.0,+,3.028,110705.2,17501.5,0.095,2.875,3.346
Cortisol [QUAL2],Cortisol [QUAL2],20260212_SST07.mzML,2026-02-12T15:54:07Z,1,SPL,363.200,97.100,28.0,+,3.028,109282.9,16888.9,0.098,2.863,3.369
Cortisol [QUAL2],Cortisol [QUAL2],20260212_SST08.mzML,2026-02-12T16:07:33Z,1,SPL,363.200,97.100,28.0,+,3.028,112814.0,18357.7,0.092,2.852,3.369
Cortisol [QUAL2],Cortisol [QUAL2],20260212_SST09.mzML,2026-02-12T16:20:56Z,1,SPL,363.200,97.100,28.0,+,3.028,101775.4,15473.7,0.100,2.852,3.357
Cortisol [QUAL2],Cortisol [QUAL2],20260212_SST10.mzML,2026-02-12T16:34:17Z,1,SPL,363.200,97.100,28.0,+,3.028,108628.0,17041.7,0.099,2.887,3.381
Cortisone,Cortisone,20260212_SST01.mzML,2026-02-12T14:33:45Z,1,SPL,361.200,163.100,28.0,+,2.758,395879.6,61286.6,0.096,2.617,3.240
Cortisone,Cortisone,20260212_SST02.mzML,2026-02-12T14:47:15Z,1,SPL,361.200,163.100,28.0,+,2.746,418016.9,66668.0,0.093,2.605,3.228
Cortisone,Cortisone,20260212_SST03.mzML,2026-02-12T15:00:36Z,1,SPL,361.200,163.100,28.0,+,2.758,426625.5,65811.8,0.097,2.617,3.240
Cortisone,Cortisone,20260212_SST04.mzML,2026-02-12T15:13:59Z,1,SPL,361.200,163.100,28.0,+,2.758,426607.1,66077.1,0.097,2.605,3.217
Cortisone,Cortisone,20260212_SST05.mzML,2026-02-12T15:27:20Z,1,SPL,361.200,163.100,28.0,+,2.758,504726.9,82041.7,0.092,2.617,3.228
Cortisone,Cortisone,20260212_SST06.mzML,2026-02-12T15:40:44Z,1,SPL,361.200,163.100,28.0,+,2.758,497870.9,80725.6,0.092,2.617,3.240
Cortisone,Cortisone,20260212_SST07.mzML,2026-02-12T15:54:07Z,1,SPL,361.200,163.100,28.0,+,2.746,476585.1,75443.7,0.095,2.605,3.228
Cortisone,Cortisone,20260212_SST08.mzML,2026-02-12T16:07:33Z,1,SPL,361.200,163.100,28.0,+,2.758,519501.0,87475.2,0.088,2.617,3.240
Cortisone,Cortisone,20260212_SST09.mzML,2026-02-12T16:20:56Z,1,SPL,361.200,163.100,28.0,+,2.758,482782.9,77484.4,0.096,2.617,3.228
Cortisone,Cortisone,20260212_SST10.mzML,2026-02-12T16:34:17Z,1,SPL,361.200,163.100,28.0,+,2.758,504638.4,77563.1,0.099,2.617,3.228
Cortisone 13C3,Cortisone 13C3,20260212_SST01.mzML,2026-02-12T14:33:45Z,1,SPL,364.100,166.100,28.0,+,2.757,366605.1,56955.3,0.097,2.616,3.228
Cortisone 13C3,Cortisone 13C3,20260212_SST02.mzML,2026-02-12T14:47:15Z,1,SPL,364.100,166.100,28.0,+,2.745,341055.6,52572.4,0.096,2.604,3.216
Cortisone 13C3,Cortisone 13C3,20260212_SST03.mzML,2026-02-12T15:00:36Z,1,SPL,364.100,166.100,28.0,+,2.757,373815.3,57737.0,0.098,2.616,3.228
Cortisone 13C3,Cortisone 13C3,20260212_SST04.mzML,2026-02-12T15:13:59Z,1,SPL,364.100,166.100,28.0,+,2.757,389186.0,60498.5,0.098,2.604,3.216
Cortisone 13C3,Cortisone 13C3,20260212_SST05.mzML,2026-02-12T15:27:20Z,1,SPL,364.100,166.100,28.0,+,2.757,422031.7,70688.0,0.089,2.616,3.228
Cortisone 13C3,Cortisone 13C3,20260212_SST06.mzML,2026-02-12T15:40:44Z,1,SPL,364.100,166.100,28.0,+,2.757,448225.3,73228.2,0.092,2.616,3.228
Cortisone 13C3,Cortisone 13C3,20260212_SST07.mzML,2026-02-12T15:54:07Z,1,SPL,364.100,166.100,28.0,+,2.757,435943.7,68102.0,0.097,2.604,3.216
Cortisone 13C3,Cortisone 13C3,20260212_SST08.mzML,2026-02-12T16:07:33Z,1,SPL,364.100,166.100,28.0,+,2.757,433776.8,71539.8,0.091,2.604,3.216
Cortisone 13C3,Cortisone 13C3,20260212_SST09.mzML,2026-02-12T16:20:56Z,1,SPL,364.100,166.100,28.0,+,2.745,437208.4,70991.8,0.092,2.604,3.216
Cortisone 13C3,Cortisone 13C3,20260212_SST10.mzML,2026-02-12T16:34:17Z,1,SPL,364.100,166.100,28.0,+,2.757,441058.2,72375.2,0.093,2.604,3.216
Cortisone 13C3 [QUAL],Cortisone 13C3 [QUAL],20260212_SST01.mzML,2026-02-12T14:33:45Z,1,SPL,364.100,105.100,49.0,+,2.757,56518.0,9255.9,0.097,2.616,2.898
Cortisone 13C3 [QUAL],Cortisone 13C3 [QUAL],20260212_SST02.mzML,2026-02-12T14:47:15Z,1,SPL,364.100,105.100,49.0,+,2.745,58949.3,9221.2,0.100,2.604,2.910
Cortisone 13C3 [QUAL],Cortisone 13C3 [QUAL],20260212_SST03.mzML,2026-02-12T15:00:36Z,1,SPL,364.100,105.100,49.0,+,2.757,63620.0,10603.2,0.092,2.616,2.934
Cortisone 13C3 [QUAL],Cortisone 13C3 [QUAL],20260212_SST04.mzML,2026-02-12T15:13:59Z,1,SPL,364.100,105.100,49.0,+,2.745,65805.9,10834.9,0.096,2.604,2.910
Cortisone 13C3 [QUAL],Cortisone 13C3 [QUAL],20260212_SST05.mzML,2026-02-12T15:27:20Z,1,SPL,364.100,105.100,49.0,+,2.757,66480.1,10566.5,0.101,2.604,2.910
Cortisone 13C3 [QUAL],Cortisone 13C3 [QUAL],20260212_SST06.mzML,2026-02-12T15:40:44Z,1,SPL,364.100,105.100,49.0,+,2.757,66190.9,11193.2,0.093,2.604,2.898
Cortisone 13C3 [QUAL],Cortisone 13C3 [QUAL],20260212_SST07.mzML,2026-02-12T15:54:07Z,1,SPL,364.100,105.100,49.0,+,2.757,79221.4,13136.9,0.096,2.604,2.875
Cortisone 13C3 [QUAL],Cortisone 13C3 [QUAL],20260212_SST08.mzML,2026-02-12T16:07:33Z,1,SPL,364.100,105.100,49.0,+,2.757,62123.7,10151.7,0.094,2.604,2.922
Cortisone 13C3 [QUAL],Cortisone 13C3 [QUAL],20260212_SST09.mzML,2026-02-12T16:20:56Z,1,SPL,364.100,105.100,49.0,+,2.757,70957.6,11725.1,0.092,2.604,2.910
Cortisone 13C3 [QUAL],Cortisone 13C3 [QUAL],20260212_SST10.mzML,2026-02-12T16:34:17Z,1,SPL,364.100,105.100,49.0,+,2.757,74411.5,12628.8,0.091,2.604,2.922
Cortisone [QUAL1],Cortisone [QUAL1],20260212_SST01.mzML,2026-02-12T14:33:45Z,1,SPL,361.200,121.100,32.0,+,2.758,153300.6,23178.7,0.097,2.628,3.240
Cortisone [QUAL1],Cortisone [QUAL1],20260212_SST02.mzML,2026-02-12T14:47:15Z,1,SPL,361.200,121.100,32.0,+,2.758,167007.3,26600.9,0.092,2.617,3.228
Cortisone [QUAL1],Cortisone [QUAL1],20260212_SST03.mzML,2026-02-12T15:00:36Z,1,SPL,361.200,121.100,32.0,+,2.758,168498.2,26693.2,0.094,2.628,3.240
Cortisone [QUAL1],Cortisone [QUAL1],20260212_SST04.mzML,2026-02-12T15:13:59Z,1,SPL,361.200,121.100,32.0,+,2.758,174331.4,27876.8,0.092,2.628,3.228
Cortisone [QUAL1],Cortisone [QUAL1],20260212_SST05.mzML,2026-02-12T15:27:20Z,1,SPL,361.200,121.100,32.0,+,2.758,172050.5,27203.3,0.094,2.628,3.240
Cortisone [QUAL1],Cortisone [QUAL1],20260212_SST06.mzML,2026-02-12T15:40:44Z,1,SPL,361.200,121.100,32.0,+,2.758,190621.8,30129.5,0.097,2.628,3.240
Cortisone [QUAL1],Cortisone [QUAL1],20260212_SST07.mzML,2026-02-12T15:54:07Z,1,SPL,361.200,121.100,32.0,+,2.746,178042.8,28389.8,0.093,2.628,3.228
Cortisone [QUAL1],Cortisone [QUAL1],20260212_SST08.mzML,2026-02-12T16:07:33Z,1,SPL,361.200,121.100,32.0,+,2.758,176233.0,27475.8,0.095,2.628,3.240
Cortisone [QUAL1],Cortisone [QUAL1],20260212_SST09.mzML,2026-02-12T16:20:56Z,1,SPL,361.200,121.100,32.0,+,2.746,185445.9,29687.0,0.094,2.628,3.228
Cortisone [QUAL1],Cortisone [QUAL1],20260212_SST10.mzML,2026-02-12T16:34:17Z,1,SPL,361.200,121.100,32.0,+,2.758,211975.9,34290.1,0.090,2.617,3.240
Cortisone [QUAL2],Cortisone [QUAL2],20260212_SST01.mzML,2026-02-12T14:33:45Z,1,SPL,361.200,91.100,60.0,+,2.758,113165.4,17290.1,0.098,2.628,3.228
Cortisone [QUAL2],Cortisone [QUAL2],20260212_SST02.mzML,2026-02-12T14:47:15Z,1,SPL,361.200,91.100,60.0,+,2.746,95928.2,13862.3,0.100,2.628,3.252
Cortisone [QUAL2],Cortisone [QUAL2],20260212_SST03.mzML,2026-02-12T15:00:36Z,1,SPL,361.200,91.100,60.0,+,2.758,107648.9,16511.2,0.096,2.628,3.217
Cortisone [QUAL2],Cortisone [QUAL2],20260212_SST04.mzML,2026-02-12T15:13:59Z,1,SPL,361.200,91.100,60.0,+,2.758,115234.8,17244.9,0.099,2.628,3.252
Cortisone [QUAL2],Cortisone [QUAL2],20260212_SST05.mzML,2026-02-12T15:27:20Z,1,SPL,361.200,91.100,60.0,+,2.758,106400.5,16205.2,0.094,2.617,3.252
Cortisone [QUAL2],Cortisone [QUAL2],20260212_SST06.mzML,2026-02-12T15:40:44Z,1,SPL,361.200,91.100,60.0,+,2.758,107450.9,16098.1,0.101,2.640,3.264
Cortisone [QUAL2],Cortisone [QUAL2],20260212_SST07.mzML,2026-02-12T15:54:07Z,1,SPL,361.200,91.100,60.0,+,2.746,108769.3,15375.8,0.106,2.628,3.193
Cortisone [QUAL2],Cortisone [QUAL2],20260212_SST08.mzML,2026-02-12T16:07:33Z,1,SPL,361.200,91.100,60.0,+,2.758,130447.4,20256.4,0.098,2.628,3.217
Cortisone [QUAL2],Cortisone [QUAL2],20260212_SST09.mzML,2026-02-12T16:20:56Z,1,SPL,361.200,91.100,60.0,+,2.746,131390.4,20156.1,0.095,2.628,3.252
Cortisone [QUAL2],Cortisone [QUAL2],20260212_SST10.mzML,2026-02-12T16:34:17Z,1,SPL,361.200,91.100,60.0,+,2.758,112476.2,16332.5,0.104,2.640,3.228
DHEA,DHEA,20260212_SST01.mzML,2026-02-12T14:33:45Z,1,SPL,271.200,253.200,16.0,+,5.035,41945.3,6700.6,0.115,4.893,5.188
DHEA,DHEA,20260212_SST02.mzML,2026-02-12T14:47:15Z,1,SPL,271.200,253.200,16.0,+,5.023,43193.1,7084.1,0.117,4.917,5.164
DHEA,DHEA,20260212_SST03.mzML,2026-02-12T15:00:36Z,1,SPL,271.200,253.200,16.0,+,5.035,42897.1,6727.8,0.126,4.905,5.188
DHEA,DHEA,20260212_SST04.mzML,2026-02-12T15:13:59Z,1,SPL,271.200,253.200,16.0,+,5.023,40641.1,7089.1,0.110,4.917,5.152
DHEA,DHEA,20260212_SST05.mzML,2026-02-12T15:27:20Z,1,SPL,271.200,253.200,16.0,+,5.023,40217.5,6757.2,0.119,4.929,5.164
DHEA,DHEA,20260212_SST06.mzML,2026-02-12T15:40:44Z,1,SPL,271.200,253.200,16.0,+,5.035,42597.9,6508.5,0.127,4.905,5.188
DHEA,DHEA,20260212_SST07.mzML,2026-02-12T15:54:07Z,1,SPL,271.200,253.200,16.0,+,5.023,45180.6,7440.9,0.113,4.905,5.164
DHEA,DHEA,20260212_SST08.mzML,2026-02-12T16:07:33Z,1,SPL,271.200,253.200,16.0,+,5.035,37627.0,5932.4,0.125,4.905,5.164
DHEA,DHEA,20260212_SST09.mzML,2026-02-12T16:20:56Z,1,SPL,271.200,253.200,16.0,+,5.023,46043.6,7127.1,0.121,4.893,5.176
DHEA,DHEA,20260212_SST10.mzML,2026-02-12T16:34:17Z,1,SPL,271.200,253.200,16.0,+,5.023,38764.2,6324.9,0.126,4.917,5.152
DHEA D5,DHEA D5,20260212_SST01.mzML,2026-02-12T14:33:45Z,1,SPL,276.200,258.200,16.0,+,4.999,38780.0,5631.7,0.111,4.811,5.258
DHEA D5,DHEA D5,20260212_SST02.mzML,2026-02-12T14:47:15Z,1,SPL,276.200,258.200,16.0,+,4.987,35292.3,5550.5,0.119,4.811,5.199
DHEA D5,DHEA D5,20260212_SST03.mzML,2026-02-12T15:00:36Z,1,SPL,276.200,258.200,16.0,+,4.999,46908.1,6514.7,0.116,4.811,5.352
DHEA D5,DHEA D5,20260212_SST04.mzML,2026-02-12T15:13:59Z,1,SPL,276.200,258.200,16.0,+,4.987,42351.2,6102.0,0.116,4.799,5.340
DHEA D5,DHEA D5,20260212_SST05.mzML,2026-02-12T15:27:20Z,1,SPL,276.200,258.200,16.0,+,4.999,38742.3,5950.7,0.113,4.823,5.258
DHEA D5,DHEA D5,20260212_SST06.mzML,2026-02-12T15:40:44Z,1,SPL,276.200,258.200,16.0,+,4.999,39286.5,5109.8,0.133,4.846,5.281
DHEA D5,DHEA D5,20260212_SST07.mzML,2026-02-12T15:54:07Z,1,SPL,276.200,258.200,16.0,+,4.987,42882.4,6043.3,0.116,4.823,5.293
DHEA D5,DHEA D5,20260212_SST08.mzML,2026-02-12T16:07:33Z,1,SPL,276.200,258.200,16.0,+,4.999,42367.5,6293.0,0.109,4.811,5.317
DHEA D5,DHEA D5,20260212_SST09.mzML,2026-02-12T16:20:56Z,1,SPL,276.200,258.200,16.0,+,4.987,42993.0,6121.2,0.112,4.799,5.281
DHEA D5,DHEA D5,20260212_SST10.mzML,2026-02-12T16:34:17Z,1,SPL,276.200,258.200,16.0,+,4.999,38114.0,5467.5,0.116,4.834,5.211
DHEA D5 [QUAL],DHEA D5 [QUAL],20260212_SST01.mzML,2026-02-12T14:33:45Z,1,SPL,276.200,218.200,20.0,+,4.987,7008.7,989.0,0.109,4.811,5.317
DHEA D5 [QUAL],DHEA D5 [QUAL],20260212_SST02.mzML,2026-02-12T14:47:15Z,1,SPL,276.200,218.200,20.0,+,4.987,6439.6,916.9,0.124,4.846,5.305
DHEA D5 [QUAL],DHEA D5 [QUAL],20260212_SST03.mzML,2026-02-12T15:00:36Z,1,SPL,276.200,218.200,20.0,+,4.999,6574.1,1036.7,0.110,4.823,5.140
DHEA D5 [QUAL],DHEA D5 [QUAL],20260212_SST04.mzML,2026-02-12T15:13:59Z,1,SPL,276.200,218.200,20.0,+,4.999,5676.5,868.5,0.112,4.811,5.223
DHEA D5 [QUAL],DHEA D5 [QUAL],20260212_SST05.mzML,2026-02-12T15:27:20Z,1,SPL,276.200,218.200,20.0,+,4.987,5962.7,898.6,0.112,4.811,5.340
DHEA D5 [QUAL],DHEA D5 [QUAL],20260212_SST06.mzML,2026-02-12T15:40:44Z,1,SPL,276.200,218.200,20.0,+,4.999,6273.3,911.9,0.114,4.823,5.187
DHEA D5 [QUAL],DHEA D5 [QUAL],20260212_SST07.mzML,2026-02-12T15:54:07Z,1,SPL,276.200,218.200,20.0,+,4.999,6264.5,890.9,0.111,4.823,5.352
DHEA D5 [QUAL],DHEA D5 [QUAL],20260212_SST08.mzML,2026-02-12T16:07:33Z,1,SPL,276.200,218.200,20.0,+,4.999,6388.7,921.7,0.118,4.823,5.211
DHEA D5 [QUAL],DHEA D5 [QUAL],20260212_SST09.mzML,2026-02-12T16:20:56Z,1,SPL,276.200,218.200,20.0,+,4.999,7093.1,953.1,0.113,4.811,5.352
DHEA D5 [QUAL],DHEA D5 [QUAL],20260212_SST10.mzML,2026-02-12T16:34:17Z,1,SPL,276.200,218.200,20.0,+,4.976,6659.1,1012.5,0.113,4.811,5.211
DHEA [QUAL],DHEA [QUAL],20260212_SST01.mzML,2026-02-12T14:33:45Z,1,SPL,271.200,213.200,20.0,+,5.035,13516.2,1936.4,0.114,4.893,5.188
DHEA [QUAL],DHEA [QUAL],20260212_SST02.mzML,2026-02-12T14:47:15Z,1,SPL,271.200,213.200,20.0,+,5.023,12445.1,1781.7,0.120,4.905,5.176
DHEA [QUAL],DHEA [QUAL],20260212_SST03.mzML,2026-02-12T15:00:36Z,1,SPL,271.200,213.200,20.0,+,5.023,11784.2,1558.6,0.132,4.905,5.176
DHEA [QUAL],DHEA [QUAL],20260212_SST04.mzML,2026-02-12T15:13:59Z,1,SPL,271.200,213.200,20.0,+,5.023,12116.7,1675.7,0.120,4.893,5.176
DHEA [QUAL],DHEA [QUAL],20260212_SST05.mzML,2026-02-12T15:27:20Z,1,SPL,271.200,213.200,20.0,+,5.023,13368.3,2014.9,0.109,4.905,5.176
DHEA [QUAL],DHEA [QUAL],20260212_SST06.mzML,2026-02-12T15:40:44Z,1,SPL,271.200,213.200,20.0,+,5.023,14485.1,2065.2,0.115,4.917,5.188
DHEA [QUAL],DHEA [QUAL],20260212_SST07.mzML,2026-02-12T15:54:07Z,1,SPL,271.200,213.200,20.0,+,5.011,14409.2,2248.8,0.100,4.882,5.176
DHEA [QUAL],DHEA [QUAL],20260212_SST08.mzML,2026-02-12T16:07:33Z,1,SPL,271.200,213.200,20.0,+,5.023,12461.3,1759.9,0.123,4.905,5.176
DHEA [QUAL],DHEA [QUAL],20260212_SST09.mzML,2026-02-12T16:20:56Z,1,SPL,271.200,213.200,20.0,+,5.023,16009.5,2342.8,0.110,4.893,5.176
DHEA [QUAL],DHEA [QUAL],20260212_SST10.mzML,2026-02-12T16:34:17Z,1,SPL,271.200,213.200,20.0,+,5.023,14590.1,2045.8,0.120,4.905,5.176
DHEAS,DHEAS,20260212_SST01.mzML,2026-02-12T14:33:45Z,1,SPL,367.200,97.000,48.0,-,2.719,40528.7,6302.0,0.102,2.543,2.931
DHEAS,DHEAS,20260212_SST02.mzML,2026-02-12T14:47:15Z,1,SPL,367.200,97.000,48.0,-,2.719,39686.7,6032.2,0.099,2.531,2.931
DHEAS,DHEAS,20260212_SST03.mzML,2026-02-12T15:00:36Z,1,SPL,367.200,97.000,48.0,-,2.731,38768.5,6210.2,0.094,2.554,2.931
DHEAS,DHEAS,20260212_SST04.mzML,2026-02-12T15:13:59Z,1,SPL,367.200,97.000,48.0,-,2.731,35948.9,5145.2,0.119,2.554,2.907
DHEAS,DHEAS,20260212_SST05.mzML,2026-02-12T15:27:20Z,1,SPL,367.200,97.000,48.0,-,2.731,39006.0,5758.0,0.109,2.578,2.896
DHEAS,DHEAS,20260212_SST06.mzML,2026-02-12T15:40:44Z,1,SPL,367.200,97.000,48.0,-,2.743,34206.4,5175.8,0.104,2.566,2.966
DHEAS,DHEAS,20260212_SST07.mzML,2026-02-12T15:54:07Z,1,SPL,367.200,97.000,48.0,-,2.731,36113.6,5823.7,0.094,2.566,2.954
DHEAS,DHEAS,20260212_SST08.mzML,2026-02-12T16:07:33Z,1,SPL,367.200,97.000,48.0,-,2.731,33816.1,5208.8,0.104,2.554,2.931
DHEAS,DHEAS,20260212_SST09.mzML,2026-02-12T16:20:56Z,1,SPL,367.200,97.000,48.0,-,2.731,31920.9,4627.6,0.112,2.566,2.919
DHEAS,DHEAS,20260212_SST10.mzML,2026-02-12T16:34:17Z,1,SPL,367.200,97.000,48.0,-,2.731,37783.0,6204.9,0.096,2.578,2.919
DHEAS D5,DHEAS D5,20260212_SST01.mzML,2026-02-12T14:33:45Z,1,SPL,372.200,98.000,48.0,-,2.719,32945.9,4753.5,0.114,2.542,2.907
DHEAS D5,DHEAS D5,20260212_SST02.mzML,2026-02-12T14:47:15Z,1,SPL,372.200,98.000,48.0,-,2.707,34886.5,5185.4,0.108,2.542,2.860
DHEAS D5,DHEAS D5,20260212_SST03.mzML,2026-02-12T15:00:36Z,1,SPL,372.200,98.000,48.0,-,2.719,36118.2,5621.7,0.103,2.554,2.942
DHEAS D5,DHEAS D5,20260212_SST04.mzML,2026-02-12T15:13:59Z,1,SPL,372.200,98.000,48.0,-,2.707,36476.8,5448.3,0.105,2.531,2.919
DHEAS D5,DHEAS D5,20260212_SST05.mzML,2026-02-12T15:27:20Z,1,SPL,372.200,98.000,48.0,-,2.719,37316.0,5943.2,0.097,2.542,2.954
DHEAS D5,DHEAS D5,20260212_SST06.mzML,2026-02-12T15:40:44Z,1,SPL,372.200,98.000,48.0,-,2.731,32048.9,5018.6,0.099,2.566,2.883
DHEAS D5,DHEAS D5,20260212_SST07.mzML,2026-02-12T15:54:07Z,1,SPL,372.200,98.000,48.0,-,2.719,32170.0,4879.9,0.107,2.531,2.931
DHEAS D5,DHEAS D5,20260212_SST08.mzML,2026-02-12T16:07:33Z,1,SPL,372.200,98.000,48.0,-,2.731,31927.0,4868.3,0.104,2.542,2.907
DHEAS D5,DHEAS D5,20260212_SST09.mzML,2026-02-12T16:20:56Z,1,SPL,372.200,98.000,48.0,-,2.719,34474.9,5158.3,0.109,2.531,2.942
DHEAS D5,DHEAS D5,20260212_SST10.mzML,2026-02-12T16:34:17Z,1,SPL,372.200,98.000,48.0,-,2.719,30156.5,4685.5,0.103,2.542,2.942
DHEAS D5 [QUAL],DHEAS D5 [QUAL],20260212_SST01.mzML,2026-02-12T14:33:45Z,1,SPL,372.200,80.000,30.0,-,2.707,252.4,87.3,0.518,2.531,3.048
DHEAS D5 [QUAL],DHEAS D5 [QUAL],20260212_SST02.mzML,2026-02-12T14:47:15Z,1,SPL,372.200,80.000,30.0,-,2.719,159.3,72.8,0.412,2.589,3.001
DHEAS D5 [QUAL],DHEAS D5 [QUAL],20260212_SST03.mzML,2026-02-12T15:00:36Z,1,SPL,372.200,80.000,30.0,-,2.731,229.7,80.1,0.506,2.542,3.048
DHEAS D5 [QUAL],DHEAS D5 [QUAL],20260212_SST04.mzML,2026-02-12T15:13:59Z,1,SPL,372.200,80.000,30.0,-,2.707,233.2,85.1,0.365,2.601,2.966
DHEAS D5 [QUAL],DHEAS D5 [QUAL],20260212_SST05.mzML,2026-02-12T15:27:20Z,1,SPL,372.200,80.000,30.0,-,2.719,212.9,79.3,0.329,2.601,2.931
DHEAS D5 [QUAL],DHEAS D5 [QUAL],20260212_SST06.mzML,2026-02-12T15:40:44Z,1,SPL,372.200,80.000,30.0,-,2.731,224.1,91.4,0.306,2.589,2.895
DHEAS D5 [QUAL],DHEAS D5 [QUAL],20260212_SST07.mzML,2026-02-12T15:54:07Z,1,SPL,372.200,80.000,30.0,-,2.707,290.1,101.9,0.349,2.554,3.060
DHEAS D5 [QUAL],DHEAS D5 [QUAL],20260212_SST08.mzML,2026-02-12T16:07:33Z,1,SPL,372.200,80.000,30.0,-,2.719,404.8,110.1,0.231,2.542,2.978
DHEAS D5 [QUAL],DHEAS D5 [QUAL],20260212_SST09.mzML,2026-02-12T16:20:56Z,1,SPL,372.200,80.000,30.0,-,2.707,313.5,101.4,0.370,2.554,3.025
DHEAS D5 [QUAL],DHEAS D5 [QUAL],20260212_SST10.mzML,2026-02-12T16:34:17Z,1,SPL,372.200,80.000,30.0,-,2.731,251.8,90.8,0.482,2.554,3.036
DHEAS [QUAL],DHEAS [QUAL],20260212_SST01.mzML,2026-02-12T14:33:45Z,1,SPL,367.200,80.000,69.0,-,2.731,5094.6,778.6,0.118,2.566,2.919
DHEAS [QUAL],DHEAS [QUAL],20260212_SST02.mzML,2026-02-12T14:47:15Z,1,SPL,367.200,80.000,69.0,-,2.707,5591.5,885.5,0.109,2.543,2.860
DHEAS [QUAL],DHEAS [QUAL],20260212_SST03.mzML,2026-02-12T15:00:36Z,1,SPL,367.200,80.000,69.0,-,2.719,5604.1,923.8,0.106,2.578,2.860
DHEAS [QUAL],DHEAS [QUAL],20260212_SST04.mzML,2026-02-12T15:13:59Z,1,SPL,367.200,80.000,69.0,-,2.719,5941.0,961.4,0.109,2.543,2.860
DHEAS [QUAL],DHEAS [QUAL],20260212_SST05.mzML,2026-02-12T15:27:20Z,1,SPL,367.200,80.000,69.0,-,2.731,6033.3,959.4,0.111,2.554,2.943
DHEAS [QUAL],DHEAS [QUAL],20260212_SST06.mzML,2026-02-12T15:40:44Z,1,SPL,367.200,80.000,69.0,-,2.743,5351.1,823.6,0.115,2.554,2.907
DHEAS [QUAL],DHEAS [QUAL],20260212_SST07.mzML,2026-02-12T15:54:07Z,1,SPL,367.200,80.000,69.0,-,2.731,5237.5,838.3,0.108,2.566,2.896
DHEAS [QUAL],DHEAS [QUAL],20260212_SST08.mzML,2026-02-12T16:07:33Z,1,SPL,367.200,80.000,69.0,-,2.743,5704.3,899.2,0.111,2.554,2.896
DHEAS [QUAL],DHEAS [QUAL],20260212_SST09.mzML,2026-02-12T16:20:56Z,1,SPL,367.200,80.000,69.0,-,2.731,5818.8,1025.6,0.094,2.554,2.884
DHEAS [QUAL],DHEAS [QUAL],20260212_SST10.mzML,2026-02-12T16:34:17Z,1,SPL,367.200,80.000,69.0,-,2.731,5176.8,862.1,0.105,2.554,2.919
Dexamethasone,Dexamethasone,20260212_SST01.mzML,2026-02-12T14:33:45Z,1,SPL,393.200,373.200,4.0,+,3.709,437321.8,67027.3,0.101,3.533,4.003
Dexamethasone,Dexamethasone,20260212_SST02.mzML,2026-02-12T14:47:15Z,1,SPL,393.200,373.200,4.0,+,3.697,409116.8,60446.1,0.098,3.521,4.039
Dexamethasone,Dexamethasone,20260212_SST03.mzML,2026-02-12T15:00:36Z,1,SPL,393.200,373.200,4.0,+,3.709,401594.2,58557.7,0.104,3.533,4.062
Dexamethasone,Dexamethasone,20260212_SST04.mzML,2026-02-12T15:13:59Z,1,SPL,393.200,373.200,4.0,+,3.697,401201.4,59351.8,0.101,3.521,4.027
Dexamethasone,Dexamethasone,20260212_SST05.mzML,2026-02-12T15:27:20Z,1,SPL,393.200,373.200,4.0,+,3.697,383431.7,57969.6,0.099,3.521,4.003
Dexamethasone,Dexamethasone,20260212_SST06.mzML,2026-02-12T15:40:44Z,1,SPL,393.200,373.200,4.0,+,3.709,395553.7,60473.6,0.097,3.533,4.050
Dexamethasone,Dexamethasone,20260212_SST07.mzML,2026-02-12T15:54:07Z,1,SPL,393.200,373.200,4.0,+,3.709,391696.7,60960.8,0.096,3.521,4.050
Dexamethasone,Dexamethasone,20260212_SST08.mzML,2026-02-12T16:07:33Z,1,SPL,393.200,373.200,4.0,+,3.709,360619.0,52578.5,0.102,3.521,4.050
Dexamethasone,Dexamethasone,20260212_SST09.mzML,2026-02-12T16:20:56Z,1,SPL,393.200,373.200,4.0,+,3.709,399124.4,60547.8,0.099,3.521,4.027
Dexamethasone,Dexamethasone,20260212_SST10.mzML,2026-02-12T16:34:17Z,1,SPL,393.200,373.200,4.0,+,3.697,393654.2,59831.1,0.100,3.521,4.050
Dexamethasone D5,Dexamethasone D5,20260212_SST01.mzML,2026-02-12T14:33:45Z,1,SPL,398.100,378.200,4.0,+,3.674,401056.8,59949.7,0.100,3.497,4.027
Dexamethasone D5,Dexamethasone D5,20260212_SST02.mzML,2026-02-12T14:47:15Z,1,SPL,398.100,378.200,4.0,+,3.674,433093.9,64939.3,0.099,3.485,3.980
Dexamethasone D5,Dexamethasone D5,20260212_SST03.mzML,2026-02-12T15:00:36Z,1,SPL,398.100,378.200,4.0,+,3.674,432353.6,65400.8,0.097,3.485,3.980
Dexamethasone D5,Dexamethasone D5,20260212_SST04.mzML,2026-02-12T15:13:59Z,1,SPL,398.100,378.200,4.0,+,3.674,390244.2,57795.6,0.102,3.485,4.015
Dexamethasone D5,Dexamethasone D5,20260212_SST05.mzML,2026-02-12T15:27:20Z,1,SPL,398.100,378.200,4.0,+,3.662,388854.8,58417.9,0.099,3.485,3.968
Dexamethasone D5,Dexamethasone D5,20260212_SST06.mzML,2026-02-12T15:40:44Z,1,SPL,398.100,378.200,4.0,+,3.674,427125.8,66715.2,0.095,3.497,4.027
Dexamethasone D5,Dexamethasone D5,20260212_SST07.mzML,2026-02-12T15:54:07Z,1,SPL,398.100,378.200,4.0,+,3.674,367195.2,52949.0,0.104,3.485,4.015
Dexamethasone D5,Dexamethasone D5,20260212_SST08.mzML,2026-02-12T16:07:33Z,1,SPL,398.100,378.200,4.0,+,3.674,434392.0,69044.0,0.098,3.485,4.015
Dexamethasone D5,Dexamethasone D5,20260212_SST09.mzML,2026-02-12T16:20:56Z,1,SPL,398.100,378.200,4.0,+,3.662,411104.2,63679.5,0.099,3.485,3.968
Dexamethasone D5,Dexamethasone D5,20260212_SST10.mzML,2026-02-12T16:34:17Z,1,SPL,398.100,378.200,4.0,+,3.662,380527.2,57513.2,0.099,3.485,4.015
Dexamethasone D5 [QUAL],Dexamethasone D5 [QUAL],20260212_SST01.mzML,2026-02-12T14:33:45Z,1,SPL,398.100,360.200,12.0,+,3.674,238767.4,35887.6,0.100,3.497,4.027
Dexamethasone D5 [QUAL],Dexamethasone D5 [QUAL],20260212_SST02.mzML,2026-02-12T14:47:15Z,1,SPL,398.100,360.200,12.0,+,3.674,220760.6,31314.8,0.102,3.485,4.015
Dexamethasone D5 [QUAL],Dexamethasone D5 [QUAL],20260212_SST03.mzML,2026-02-12T15:00:36Z,1,SPL,398.100,360.200,12.0,+,3.674,194227.9,28672.8,0.100,3.485,4.015
Dexamethasone D5 [QUAL],Dexamethasone D5 [QUAL],20260212_SST04.mzML,2026-02-12T15:13:59Z,1,SPL,398.100,360.200,12.0,+,3.662,210976.1,33078.1,0.094,3.485,3.932
Dexamethasone D5 [QUAL],Dexamethasone D5 [QUAL],20260212_SST05.mzML,2026-02-12T15:27:20Z,1,SPL,398.100,360.200,12.0,+,3.674,202886.4,31430.4,0.096,3.485,3.956
Dexamethasone D5 [QUAL],Dexamethasone D5 [QUAL],20260212_SST06.mzML,2026-02-12T15:40:44Z,1,SPL,398.100,360.200,12.0,+,3.674,215258.1,33948.2,0.095,3.497,4.027
Dexamethasone D5 [QUAL],Dexamethasone D5 [QUAL],20260212_SST07.mzML,2026-02-12T15:54:07Z,1,SPL,398.100,360.200,12.0,+,3.662,220812.2,33738.7,0.097,3.485,3.991
Dexamethasone D5 [QUAL],Dexamethasone D5 [QUAL],20260212_SST08.mzML,2026-02-12T16:07:33Z,1,SPL,398.100,360.200,12.0,+,3.662,188724.0,27721.8,0.100,3.485,3.991
Dexamethasone D5 [QUAL],Dexamethasone D5 [QUAL],20260212_SST09.mzML,2026-02-12T16:20:56Z,1,SPL,398.100,360.200,12.0,+,3.662,201591.0,29146.2,0.105,3.485,4.015
Dexamethasone D5 [QUAL],Dexamethasone D5 [QUAL],20260212_SST10.mzML,2026-02-12T16:34:17Z,1,SPL,398.100,360.200,12.0,+,3.662,218930.4,33352.5,0.099,3.485,4.015
Dexamethasone [QUAL],Dexamethasone [QUAL],20260212_SST01.mzML,2026-02-12T14:33:45Z,1,SPL,393.200,355.100,12.0,+,3.709,216786.4,33661.2,0.097,3.533,4.039
Dexamethasone [QUAL],Dexamethasone [QUAL],20260212_SST02.mzML,2026-02-12T14:47:15Z,1,SPL,393.200,355.100,12.0,+,3.697,205130.4,30354.7,0.102,3.521,4.015
Dexamethasone [QUAL],Dexamethasone [QUAL],20260212_SST03.mzML,2026-02-12T15:00:36Z,1,SPL,393.200,355.100,12.0,+,3.709,194949.4,29730.0,0.096,3.533,4.062
Dexamethasone [QUAL],Dexamethasone [QUAL],20260212_SST04.mzML,2026-02-12T15:13:59Z,1,SPL,393.200,355.100,12.0,+,3.697,203794.5,32258.1,0.094,3.521,4.003
Dexamethasone [QUAL],Dexamethasone [QUAL],20260212_SST05.mzML,2026-02-12T15:27:20Z,1,SPL,393.200,355.100,12.0,+,3.709,184047.8,27120.9,0.100,3.521,4.039
Dexamethasone [QUAL],Dexamethasone [QUAL],20260212_SST06.mzML,2026-02-12T15:40:44Z,1,SPL,393.200,355.100,12.0,+,3.709,199995.8,30894.0,0.097,3.533,4.062
Dexamethasone [QUAL],Dexamethasone [QUAL],20260212_SST07.mzML,2026-02-12T15:54:07Z,1,SPL,393.200,355.100,12.0,+,3.697,166059.6,24456.0,0.105,3.521,3.992
Dexamethasone [QUAL],Dexamethasone [QUAL],20260212_SST08.mzML,2026-02-12T16:07:33Z,1,SPL,393.200,355.100,12.0,+,3.709,174034.5,27031.6,0.097,3.521,3.980
Dexamethasone [QUAL],Dexamethasone [QUAL],20260212_SST09.mzML,2026-02-12T16:20:56Z,1,SPL,393.200,355.100,12.0,+,3.697,168818.5,25192.6,0.100,3.521,4.027
Dexamethasone [QUAL],Dexamethasone [QUAL],20260212_SST10.mzML,2026-02-12T16:34:17Z,1,SPL,393.200,355.100,12.0,+,3.697,164386.1,24384.7,0.101,3.521,4.015
Dihydrotestosterone,Dihydrotestosterone,20260212_SST01.mzML,2026-02-12T14:33:45Z,1,SPL,291.100,255.300,14.0,+,6.186,208989.0,22342.2,0.141,5.892,6.550
Dihydrotestosterone,Dihydrotestosterone,20260212_SST02.mzML,2026-02-12T14:47:15Z,1,SPL,291.100,255.300,14.0,+,6.186,223654.4,25362.6,0.124,5.892,6.550
Dihydrotestosterone,Dihydrotestosterone,20260212_SST03.mzML,2026-02-12T15:00:36Z,1,SPL,291.100,255.300,14.0,+,6.186,213840.3,22296.2,0.147,5.880,6.539
Dihydrotestosterone,Dihydrotestosterone,20260212_SST04.mzML,2026-02-12T15:13:59Z,1,SPL,291.100,255.300,14.0,+,6.174,213122.3,25116.0,0.125,5.880,6.539
Dihydrotestosterone,Dihydrotestosterone,20260212_SST05.mzML,2026-02-12T15:27:20Z,1,SPL,291.100,255.300,14.0,+,6.186,218253.2,21984.8,0.152,5.892,6.550
Dihydrotestosterone,Dihydrotestosterone,20260212_SST06.mzML,2026-02-12T15:40:44Z,1,SPL,291.100,255.300,14.0,+,6.174,231113.6,28532.1,0.114,5.892,6.550
Dihydrotestosterone,Dihydrotestosterone,20260212_SST07.mzML,2026-02-12T15:54:07Z,1,SPL,291.100,255.300,14.0,+,6.174,202378.3,21039.6,0.148,5.880,6.539
Dihydrotestosterone,Dihydrotestosterone,20260212_SST08.mzML,2026-02-12T16:07:33Z,1,SPL,291.100,255.300,14.0,+,6.186,221712.3,27532.0,0.119,5.892,6.550
Dihydrotestosterone,Dihydrotestosterone,20260212_SST09.mzML,2026-02-12T16:20:56Z,1,SPL,291.100,255.300,14.0,+,6.174,209890.1,20929.3,0.154,5.880,6.527
Dihydrotestosterone,Dihydrotestosterone,20260212_SST10.mzML,2026-02-12T16:34:17Z,1,SPL,291.100,255.300,14.0,+,6.174,246526.5,27317.6,0.134,5.880,6.539
Dihydrotestosterone D3,Dihydrotestosterone D3,20260212_SST01.mzML,2026-02-12T14:33:45Z,1,SPL,294.300,258.200,14.0,+,6.150,205745.2,24647.1,0.124,5.879,6.503
Dihydrotestosterone D3,Dihydrotestosterone D3,20260212_SST02.mzML,2026-02-12T14:47:15Z,1,SPL,294.300,258.200,14.0,+,6.150,227189.6,27397.9,0.122,5.844,6.503
Dihydrotestosterone D3,Dihydrotestosterone D3,20260212_SST03.mzML,2026-02-12T15:00:36Z,1,SPL,294.300,258.200,14.0,+,6.150,193932.8,24724.9,0.110,5.903,6.503
Dihydrotestosterone D3,Dihydrotestosterone D3,20260212_SST04.mzML,2026-02-12T15:13:59Z,1,SPL,294.300,258.200,14.0,+,6.126,182856.4,20192.4,0.131,5.844,6.503
Dihydrotestosterone D3,Dihydrotestosterone D3,20260212_SST05.mzML,2026-02-12T15:27:20Z,1,SPL,294.300,258.200,14.0,+,6.126,208165.7,25419.6,0.121,5.903,6.479
Dihydrotestosterone D3,Dihydrotestosterone D3,20260212_SST06.mzML,2026-02-12T15:40:44Z,1,SPL,294.300,258.200,14.0,+,6.150,192634.7,22337.7,0.123,5.891,6.503
Dihydrotestosterone D3,Dihydrotestosterone D3,20260212_SST07.mzML,2026-02-12T15:54:07Z,1,SPL,294.300,258.200,14.0,+,6.138,185456.7,20734.5,0.131,5.868,6.503
Dihydrotestosterone D3,Dihydrotestosterone D3,20260212_SST08.mzML,2026-02-12T16:07:33Z,1,SPL,294.300,258.200,14.0,+,6.150,185171.6,20007.8,0.134,5.868,6.503
Dihydrotestosterone D3,Dihydrotestosterone D3,20260212_SST09.mzML,2026-02-12T16:20:56Z,1,SPL,294.300,258.200,14.0,+,6.126,189552.9,21592.6,0.125,5.832,6.491
Dihydrotestosterone D3,Dihydrotestosterone D3,20260212_SST10.mzML,2026-02-12T16:34:17Z,1,SPL,294.300,258.200,14.0,+,6.138,225989.7,25231.3,0.135,5.844,6.503
Dihydrotestosterone D3 [QUAL],Dihydrotestosterone D3 [QUAL],20260212_SST01.mzML,2026-02-12T14:33:45Z,1,SPL,294.300,91.100,58.0,+,6.173,64318.3,4148.6,0.397,5.868,6.468
Dihydrotestosterone D3 [QUAL],Dihydrotestosterone D3 [QUAL],20260212_SST02.mzML,2026-02-12T14:47:15Z,1,SPL,294.300,91.100,58.0,+,6.162,59909.4,4733.9,0.294,5.868,6.409
Dihydrotestosterone D3 [QUAL],Dihydrotestosterone D3 [QUAL],20260212_SST03.mzML,2026-02-12T15:00:36Z,1,SPL,294.300,91.100,58.0,+,6.150,63992.1,4332.7,0.358,5.903,6.479
Dihydrotestosterone D3 [QUAL],Dihydrotestosterone D3 [QUAL],20260212_SST04.mzML,2026-02-12T15:13:59Z,1,SPL,294.300,91.100,58.0,+,6.162,62611.5,4206.7,0.373,5.868,6.444
Dihydrotestosterone D3 [QUAL],Dihydrotestosterone D3 [QUAL],20260212_SST05.mzML,2026-02-12T15:27:20Z,1,SPL,294.300,91.100,58.0,+,6.138,54549.5,4529.2,0.192,5.856,6.362
Dihydrotestosterone D3 [QUAL],Dihydrotestosterone D3 [QUAL],20260212_SST06.mzML,2026-02-12T15:40:44Z,1,SPL,294.300,91.100,58.0,+,6.150,70260.6,4452.9,0.334,5.879,6.538
Dihydrotestosterone D3 [QUAL],Dihydrotestosterone D3 [QUAL],20260212_SST07.mzML,2026-02-12T15:54:07Z,1,SPL,294.300,91.100,58.0,+,6.162,68546.3,4462.2,0.390,5.868,6.491
Dihydrotestosterone D3 [QUAL],Dihydrotestosterone D3 [QUAL],20260212_SST08.mzML,2026-02-12T16:07:33Z,1,SPL,294.300,91.100,58.0,+,6.162,69055.5,3861.1,0.453,5.868,6.515
Dihydrotestosterone D3 [QUAL],Dihydrotestosterone D3 [QUAL],20260212_SST09.mzML,2026-02-12T16:20:56Z,1,SPL,294.300,91.100,58.0,+,6.126,45015.4,3994.8,0.240,5.868,6.291
Dihydrotestosterone D3 [QUAL],Dihydrotestosterone D3 [QUAL],20260212_SST10.mzML,2026-02-12T16:34:17Z,1,SPL,294.300,91.100,58.0,+,6.162,50471.7,4469.8,0.196,5.868,6.326
Dihydrotestosterone [QUAL1],Dihydrotestosterone [QUAL1],20260212_SST01.mzML,2026-02-12T14:33:45Z,1,SPL,291.100,105.000,50.0,+,6.186,38454.8,4591.1,0.129,5.903,6.515
Dihydrotestosterone [QUAL1],Dihydrotestosterone [QUAL1],20260212_SST02.mzML,2026-02-12T14:47:15Z,1,SPL,291.100,105.000,50.0,+,6.174,49060.3,5152.2,0.155,5.892,6.527
Dihydrotestosterone [QUAL1],Dihydrotestosterone [QUAL1],20260212_SST03.mzML,2026-02-12T15:00:36Z,1,SPL,291.100,105.000,50.0,+,6.174,41150.5,4692.9,0.143,5.868,6.456
Dihydrotestosterone [QUAL1],Dihydrotestosterone [QUAL1],20260212_SST04.mzML,2026-02-12T15:13:59Z,1,SPL,291.100,105.000,50.0,+,6.174,41098.7,4694.6,0.133,5.868,6.527
Dihydrotestosterone [QUAL1],Dihydrotestosterone [QUAL1],20260212_SST05.mzML,2026-02-12T15:27:20Z,1,SPL,291.100,105.000,50.0,+,6.174,41476.0,4727.3,0.142,5.939,6.456
Dihydrotestosterone [QUAL1],Dihydrotestosterone [QUAL1],20260212_SST06.mzML,2026-02-12T15:40:44Z,1,SPL,291.100,105.000,50.0,+,6.186,41561.3,5160.4,0.130,5.903,6.468
Dihydrotestosterone [QUAL1],Dihydrotestosterone [QUAL1],20260212_SST07.mzML,2026-02-12T15:54:07Z,1,SPL,291.100,105.000,50.0,+,6.186,39952.3,4282.4,0.155,5.868,6.503
Dihydrotestosterone [QUAL1],Dihydrotestosterone [QUAL1],20260212_SST08.mzML,2026-02-12T16:07:33Z,1,SPL,291.100,105.000,50.0,+,6.186,34867.2,4226.6,0.141,5.951,6.433
Dihydrotestosterone [QUAL1],Dihydrotestosterone [QUAL1],20260212_SST09.mzML,2026-02-12T16:20:56Z,1,SPL,291.100,105.000,50.0,+,6.174,40670.5,4217.8,0.164,5.903,6.503
Dihydrotestosterone [QUAL1],Dihydrotestosterone [QUAL1],20260212_SST10.mzML,2026-02-12T16:34:17Z,1,SPL,291.100,105.000,50.0,+,6.174,48652.0,5246.5,0.153,5.927,6.527
Dihydrotestosterone [QUAL2],Dihydrotestosterone [QUAL2],20260212_SST01.mzML,2026-02-12T14:33:45Z,1,SPL,291.100,91.100,58.0,+,6.186,70154.1,9019.5,0.130,5.903,6.409
Dihydrotestosterone [QUAL2],Dihydrotestosterone [QUAL2],20260212_SST02.mzML,2026-02-12T14:47:15Z,1,SPL,291.100,91.100,58.0,+,6.186,67203.4,9150.3,0.112,5.974,6.445
Dihydrotestosterone [QUAL2],Dihydrotestosterone [QUAL2],20260212_SST03.mzML,2026-02-12T15:00:36Z,1,SPL,291.100,91.100,58.0,+,6.198,60078.8,6270.6,0.171,5.892,6.492
Dihydrotestosterone [QUAL2],Dihydrotestosterone [QUAL2],20260212_SST04.mzML,2026-02-12T15:13:59Z,1,SPL,291.100,91.100,58.0,+,6.174,62717.5,7543.5,0.142,5.927,6.492
Dihydrotestosterone [QUAL2],Dihydrotestosterone [QUAL2],20260212_SST05.mzML,2026-02-12T15:27:20Z,1,SPL,291.100,91.100,58.0,+,6.186,65900.1,8086.2,0.136,5.880,6.503
Dihydrotestosterone [QUAL2],Dihydrotestosterone [QUAL2],20260212_SST06.mzML,2026-02-12T15:40:44Z,1,SPL,291.100,91.100,58.0,+,6.174,64689.5,7415.0,0.150,5.915,6.515
Dihydrotestosterone [QUAL2],Dihydrotestosterone [QUAL2],20260212_SST07.mzML,2026-02-12T15:54:07Z,1,SPL,291.100,91.100,58.0,+,6.186,55456.6,6718.7,0.146,5.892,6.409
Dihydrotestosterone [QUAL2],Dihydrotestosterone [QUAL2],20260212_SST08.mzML,2026-02-12T16:07:33Z,1,SPL,291.100,91.100,58.0,+,6.174,61126.7,7199.4,0.150,5.927,6.468
Dihydrotestosterone [QUAL2],Dihydrotestosterone [QUAL2],20260212_SST09.mzML,2026-02-12T16:20:56Z,1,SPL,291.100,91.100,58.0,+,6.162,69721.1,7835.9,0.150,5.880,6.409
Dihydrotestosterone [QUAL2],Dihydrotestosterone [QUAL2],20260212_SST10.mzML,2026-02-12T16:34:17Z,1,SPL,291.100,91.100,58.0,+,6.174,75099.1,9310.3,0.130,5.903,6.456
Progesterone,Progesterone,20260212_SST01.mzML,2026-02-12T14:33:45Z,1,SPL,315.300,97.100,32.0,+,7.161,4417851.0,495093.6,0.133,6.867,7.526
Progesterone,Progesterone,20260212_SST02.mzML,2026-02-12T14:47:15Z,1,SPL,315.300,97.100,32.0,+,7.173,4201511.5,485958.4,0.130,6.879,7.538
Progesterone,Progesterone,20260212_SST03.mzML,2026-02-12T15:00:36Z,1,SPL,315.300,97.100,32.0,+,7.150,4274025.5,487506.6,0.132,6.867,7.526
Progesterone,Progesterone,20260212_SST04.mzML,2026-02-12T15:13:59Z,1,SPL,315.300,97.100,32.0,+,7.161,4623012.0,569824.6,0.122,6.867,7.526
Progesterone,Progesterone,20260212_SST05.mzML,2026-02-12T15:27:20Z,1,SPL,315.300,97.100,32.0,+,7.150,3696068.2,400289.0,0.135,6.867,7.526
Progesterone,Progesterone,20260212_SST06.mzML,2026-02-12T15:40:44Z,1,SPL,315.300,97.100,32.0,+,7.161,4332037.5,494790.2,0.131,6.879,7.538
Progesterone,Progesterone,20260212_SST07.mzML,2026-02-12T15:54:07Z,1,SPL,315.300,97.100,32.0,+,7.150,4545090.0,527194.4,0.125,6.867,7.526
Progesterone,Progesterone,20260212_SST08.mzML,2026-02-12T16:07:33Z,1,SPL,315.300,97.100,32.0,+,7.150,4168530.0,457292.0,0.136,6.867,7.526
Progesterone,Progesterone,20260212_SST09.mzML,2026-02-12T16:20:56Z,1,SPL,315.300,97.100,32.0,+,7.150,4002278.0,438113.1,0.135,6.867,7.514
Progesterone,Progesterone,20260212_SST10.mzML,2026-02-12T16:34:17Z,1,SPL,315.300,97.100,32.0,+,7.150,4118223.8,469060.1,0.127,6.867,7.526
Progesterone D9,Progesterone D9,20260212_SST01.mzML,2026-02-12T14:33:45Z,1,SPL,324.400,100.100,32.0,+,7.055,3769137.5,422530.7,0.130,6.749,7.396
Progesterone D9,Progesterone D9,20260212_SST02.mzML,2026-02-12T14:47:15Z,1,SPL,324.400,100.100,32.0,+,7.055,3498727.0,377732.6,0.138,6.761,7.408
Progesterone D9,Progesterone D9,20260212_SST03.mzML,2026-02-12T15:00:36Z,1,SPL,324.400,100.100,32.0,+,7.043,3800437.0,401046.8,0.146,6.749,7.396
Progesterone D9,Progesterone D9,20260212_SST04.mzML,2026-02-12T15:13:59Z,1,SPL,324.400,100.100,32.0,+,7.043,3333118.0,350454.0,0.143,6.749,7.396
Progesterone D9,Progesterone D9,20260212_SST05.mzML,2026-02-12T15:27:20Z,1,SPL,324.400,100.100,32.0,+,7.067,3486251.0,339379.1,0.158,6.749,7.396
Progesterone D9,Progesterone D9,20260212_SST06.mzML,2026-02-12T15:40:44Z,1,SPL,324.400,100.100,32.0,+,7.055,3675848.5,395841.0,0.140,6.761,7.408
Progesterone D9,Progesterone D9,20260212_SST07.mzML,2026-02-12T15:54:07Z,1,SPL,324.400,100.100,32.0,+,7.043,3632806.0,416749.3,0.128,6.761,7.408
Progesterone D9,Progesterone D9,20260212_SST08.mzML,2026-02-12T16:07:33Z,1,SPL,324.400,100.100,32.0,+,7.032,3415396.0,368653.2,0.139,6.749,7.396
Progesterone D9,Progesterone D9,20260212_SST09.mzML,2026-02-12T16:20:56Z,1,SPL,324.400,100.100,32.0,+,7.043,3480033.5,403589.8,0.121,6.749,7.396
Progesterone D9,Progesterone D9,20260212_SST10.mzML,2026-02-12T16:34:17Z,1,SPL,324.400,100.100,32.0,+,7.043,3388826.2,382894.0,0.131,6.749,7.396
Progesterone D9 [QUAL],Progesterone D9 [QUAL],20260212_SST01.mzML,2026-02-12T14:33:45Z,1,SPL,324.400,113.100,28.0,+,7.043,2698043.0,305630.3,0.130,6.749,7.408
Progesterone D9 [QUAL],Progesterone D9 [QUAL],20260212_SST02.mzML,2026-02-12T14:47:15Z,1,SPL,324.400,113.100,28.0,+,7.055,2973523.2,324280.6,0.136,6.761,7.420
Progesterone D9 [QUAL],Progesterone D9 [QUAL],20260212_SST03.mzML,2026-02-12T15:00:36Z,1,SPL,324.400,113.100,28.0,+,7.043,2746583.2,302219.2,0.133,6.749,7.408
Progesterone D9 [QUAL],Progesterone D9 [QUAL],20260212_SST04.mzML,2026-02-12T15:13:59Z,1,SPL,324.400,113.100,28.0,+,7.043,2976099.5,323946.1,0.142,6.749,7.408
Progesterone D9 [QUAL],Progesterone D9 [QUAL],20260212_SST05.mzML,2026-02-12T15:27:20Z,1,SPL,324.400,113.100,28.0,+,7.043,2843090.8,314876.9,0.134,6.749,7.408
Progesterone D9 [QUAL],Progesterone D9 [QUAL],20260212_SST06.mzML,2026-02-12T15:40:44Z,1,SPL,324.400,113.100,28.0,+,7.055,2580862.2,285993.9,0.132,6.761,7.420
Progesterone D9 [QUAL],Progesterone D9 [QUAL],20260212_SST07.mzML,2026-02-12T15:54:07Z,1,SPL,324.400,113.100,28.0,+,7.043,2490620.8,262696.9,0.144,6.749,7.408
Progesterone D9 [QUAL],Progesterone D9 [QUAL],20260212_SST08.mzML,2026-02-12T16:07:33Z,1,SPL,324.400,113.100,28.0,+,7.055,2617721.0,261480.0,0.154,6.749,7.408
Progesterone D9 [QUAL],Progesterone D9 [QUAL],20260212_SST09.mzML,2026-02-12T16:20:56Z,1,SPL,324.400,113.100,28.0,+,7.043,2968586.0,329959.2,0.137,6.749,7.408
Progesterone D9 [QUAL],Progesterone D9 [QUAL],20260212_SST10.mzML,2026-02-12T16:34:17Z,1,SPL,324.400,113.100,28.0,+,7.043,2655423.2,289763.0,0.136,6.749,7.408
Progesterone [QUAL],Progesterone [QUAL],20260212_SST01.mzML,2026-02-12T14:33:45Z,1,SPL,315.300,109.100,28.0,+,7.161,4046818.5,436297.9,0.140,6.867,7.514
Progesterone [QUAL],Progesterone [QUAL],20260212_SST02.mzML,2026-02-12T14:47:15Z,1,SPL,315.300,109.100,28.0,+,7.173,4634711.0,528163.8,0.132,6.867,7.526
Progesterone [QUAL],Progesterone [QUAL],20260212_SST03.mzML,2026-02-12T15:00:36Z,1,SPL,315.300,109.100,28.0,+,7.161,4477113.5,542654.2,0.117,6.867,7.514
Progesterone [QUAL],Progesterone [QUAL],20260212_SST04.mzML,2026-02-12T15:13:59Z,1,SPL,315.300,109.100,28.0,+,7.161,4271241.5,489027.5,0.130,6.867,7.503
Progesterone [QUAL],Progesterone [QUAL],20260212_SST05.mzML,2026-02-12T15:27:20Z,1,SPL,315.300,109.100,28.0,+,7.150,4692817.0,541549.2,0.130,6.856,7.503
Progesterone [QUAL],Progesterone [QUAL],20260212_SST06.mzML,2026-02-12T15:40:44Z,1,SPL,315.300,109.100,28.0,+,7.161,4545775.0,541266.7,0.123,6.867,7.514
Progesterone [QUAL],Progesterone [QUAL],20260212_SST07.mzML,2026-02-12T15:54:07Z,1,SPL,315.300,109.100,28.0,+,7.161,4394725.5,476818.3,0.141,6.867,7.514
Progesterone [QUAL],Progesterone [QUAL],20260212_SST08.mzML,2026-02-12T16:07:33Z,1,SPL,315.300,109.100,28.0,+,7.161,4270109.5,494835.0,0.125,6.867,7.514
Progesterone [QUAL],Progesterone [QUAL],20260212_SST09.mzML,2026-02-12T16:20:56Z,1,SPL,315.300,109.100,28.0,+,7.150,4480698.5,508295.2,0.134,6.856,7.503
Progesterone [QUAL],Progesterone [QUAL],20260212_SST10.mzML,2026-02-12T16:34:17Z,1,SPL,315.300,109.100,28.0,+,7.161,3902318.8,427197.0,0.135,6.867,7.514
Testosterone,Testosterone,20260212_SST01.mzML,2026-02-12T14:33:45Z,1,SPL,289.200,97.100,27.0,+,4.869,6931678.5,989988.9,0.105,4.681,5.222
Testosterone,Testosterone,20260212_SST02.mzML,2026-02-12T14:47:15Z,1,SPL,289.200,97.100,27.0,+,4.845,6632450.0,895125.0,0.110,4.669,5.210
Testosterone,Testosterone,20260212_SST03.mzML,2026-02-12T15:00:36Z,1,SPL,289.200,97.100,27.0,+,4.845,6652885.0,858400.4,0.118,4.681,5.222
Testosterone,Testosterone,20260212_SST04.mzML,2026-02-12T15:13:59Z,1,SPL,289.200,97.100,27.0,+,4.845,6669243.0,910145.0,0.109,4.669,5.210
Testosterone,Testosterone,20260212_SST05.mzML,2026-02-12T15:27:20Z,1,SPL,289.200,97.100,27.0,+,4.857,6564854.5,888671.7,0.111,4.669,5.210
Testosterone,Testosterone,20260212_SST06.mzML,2026-02-12T15:40:44Z,1,SPL,289.200,97.100,27.0,+,4.857,7168153.0,989611.4,0.112,4.681,5.222
Testosterone,Testosterone,20260212_SST07.mzML,2026-02-12T15:54:07Z,1,SPL,289.200,97.100,27.0,+,4.845,6685697.5,933300.6,0.111,4.669,5.210
Testosterone,Testosterone,20260212_SST08.mzML,2026-02-12T16:07:33Z,1,SPL,289.200,97.100,27.0,+,4.845,6856021.0,948461.5,0.106,4.669,5.210
Testosterone,Testosterone,20260212_SST09.mzML,2026-02-12T16:20:56Z,1,SPL,289.200,97.100,27.0,+,4.845,5744620.0,757492.4,0.113,4.669,5.210
Testosterone,Testosterone,20260212_SST10.mzML,2026-02-12T16:34:17Z,1,SPL,289.200,97.100,27.0,+,4.845,6102773.0,826190.6,0.110,4.669,5.210
Testosterone 13C,Testosterone 13C,20260212_SST01.mzML,2026-02-12T14:33:45Z,1,SPL,292.200,100.100,27.0,+,4.856,6320516.0,870594.8,0.110,4.668,5.209
Testosterone 13C,Testosterone 13C,20260212_SST02.mzML,2026-02-12T14:47:15Z,1,SPL,292.200,100.100,27.0,+,4.844,5908261.0,797319.4,0.111,4.668,5.209
Testosterone 13C,Testosterone 13C,20260212_SST03.mzML,2026-02-12T15:00:36Z,1,SPL,292.200,100.100,27.0,+,4.856,6699798.0,913599.0,0.110,4.668,5.209
Testosterone 13C,Testosterone 13C,20260212_SST04.mzML,2026-02-12T15:13:59Z,1,SPL,292.200,100.100,27.0,+,4.844,6932321.5,947184.2,0.115,4.656,5.197
Testosterone 13C,Testosterone 13C,20260212_SST05.mzML,2026-02-12T15:27:20Z,1,SPL,292.200,100.100,27.0,+,4.844,6015915.0,800159.2,0.112,4.668,5.209
Testosterone 13C,Testosterone 13C,20260212_SST06.mzML,2026-02-12T15:40:44Z,1,SPL,292.200,100.100,27.0,+,4.856,5725211.0,776701.5,0.110,4.668,5.209
Testosterone 13C,Testosterone 13C,20260212_SST07.mzML,2026-02-12T15:54:07Z,1,SPL,292.200,100.100,27.0,+,4.856,6479990.0,910417.6,0.110,4.668,5.209
Testosterone 13C,Testosterone 13C,20260212_SST08.mzML,2026-02-12T16:07:33Z,1,SPL,292.200,100.100,27.0,+,4.856,5853603.0,802630.8,0.112,4.668,5.209
Testosterone 13C,Testosterone 13C,20260212_SST09.mzML,2026-02-12T16:20:56Z,1,SPL,292.200,100.100,27.0,+,4.833,6733690.5,959118.3,0.100,4.656,5.197
Testosterone 13C,Testosterone 13C,20260212_SST10.mzML,2026-02-12T16:34:17Z,1,SPL,292.200,100.100,27.0,+,4.844,5296574.5,666288.1,0.120,4.656,5.197
Testosterone 13C [QUAL],Testosterone 13C [QUAL],20260212_SST01.mzML,2026-02-12T14:33:45Z,1,SPL,292.200,112.100,28.0,+,4.856,5054325.0,742986.2,0.103,4.680,5.186
Testosterone 13C [QUAL],Testosterone 13C [QUAL],20260212_SST02.mzML,2026-02-12T14:47:15Z,1,SPL,292.200,112.100,28.0,+,4.856,5120889.0,720248.1,0.105,4.680,5.209
Testosterone 13C [QUAL],Testosterone 13C [QUAL],20260212_SST03.mzML,2026-02-12T15:00:36Z,1,SPL,292.200,112.100,28.0,+,4.844,4786827.0,659235.7,0.112,4.680,5.174
Testosterone 13C [QUAL],Testosterone 13C [QUAL],20260212_SST04.mzML,2026-02-12T15:13:59Z,1,SPL,292.200,112.100,28.0,+,4.844,4853813.0,693387.8,0.102,4.668,5.197
Testosterone 13C [QUAL],Testosterone 13C [QUAL],20260212_SST05.mzML,2026-02-12T15:27:20Z,1,SPL,292.200,112.100,28.0,+,4.856,5024494.0,703209.3,0.107,4.680,5.209
Testosterone 13C [QUAL],Testosterone 13C [QUAL],20260212_SST06.mzML,2026-02-12T15:40:44Z,1,SPL,292.200,112.100,28.0,+,4.844,4869278.0,662486.9,0.115,4.680,5.209
Testosterone 13C [QUAL],Testosterone 13C [QUAL],20260212_SST07.mzML,2026-02-12T15:54:07Z,1,SPL,292.200,112.100,28.0,+,4.844,4799667.5,642505.5,0.113,4.680,5.209
Testosterone 13C [QUAL],Testosterone 13C [QUAL],20260212_SST08.mzML,2026-02-12T16:07:33Z,1,SPL,292.200,112.100,28.0,+,4.856,4547273.5,632229.1,0.107,4.680,5.209
Testosterone 13C [QUAL],Testosterone 13C [QUAL],20260212_SST09.mzML,2026-02-12T16:20:56Z,1,SPL,292.200,112.100,28.0,+,4.844,5237990.5,756668.6,0.108,4.680,5.209
Testosterone 13C [QUAL],Testosterone 13C [QUAL],20260212_SST10.mzML,2026-02-12T16:34:17Z,1,SPL,292.200,112.100,28.0,+,4.844,5205791.0,745546.0,0.112,4.680,5.139
Testosterone [QUAL],Testosterone [QUAL],20260212_SST01.mzML,2026-02-12T14:33:45Z,1,SPL,289.200,109.100,28.0,+,4.857,5923932.0,834615.4,0.108,4.681,5.210
Testosterone [QUAL],Testosterone [QUAL],20260212_SST02.mzML,2026-02-12T14:47:15Z,1,SPL,289.200,109.100,28.0,+,4.845,5430696.0,745380.8,0.109,4.669,5.198
Testosterone [QUAL],Testosterone [QUAL],20260212_SST03.mzML,2026-02-12T15:00:36Z,1,SPL,289.200,109.100,28.0,+,4.857,6004015.5,822669.5,0.109,4.681,5.210
Testosterone [QUAL],Testosterone [QUAL],20260212_SST04.mzML,2026-02-12T15:13:59Z,1,SPL,289.200,109.100,28.0,+,4.845,6003369.0,850776.6,0.103,4.669,5.198
Testosterone [QUAL],Testosterone [QUAL],20260212_SST05.mzML,2026-02-12T15:27:20Z,1,SPL,289.200,109.100,28.0,+,4.857,5592774.0,776018.4,0.108,4.681,5.210
Testosterone [QUAL],Testosterone [QUAL],20260212_SST06.mzML,2026-02-12T15:40:44Z,1,SPL,289.200,109.100,28.0,+,4.857,5379536.0,702881.9,0.115,4.681,5.210
Testosterone [QUAL],Testosterone [QUAL],20260212_SST07.mzML,2026-02-12T15:54:07Z,1,SPL,289.200,109.100,28.0,+,4.845,5059062.0,685369.8,0.111,4.669,5.198
Testosterone [QUAL],Testosterone [QUAL],20260212_SST08.mzML,2026-02-12T16:07:33Z,1,SPL,289.200,109.100,28.0,+,4.857,5190414.5,695410.3,0.113,4.681,5.210
Testosterone [QUAL],Testosterone [QUAL],20260212_SST09.mzML,2026-02-12T16:20:56Z,1,SPL,289.200,109.100,28.0,+,4.845,5554696.0,780534.6,0.106,4.669,5.187
Testosterone [QUAL],Testosterone [QUAL],20260212_SST10.mzML,2026-02-12T16:34:17Z,1,SPL,289.200,109.100,28.0,+,4.845,5631502.0,761027.3,0.112,4.669,5.198
