Sample,,,,,,,Aldosterone Results,,,,,,Aldosterone D4 (ISTD) Results,,,,,,DHEAS Results,,,,,,DHEAS D5 (ISTD) Results,,,,,,Cortisone Results,,,,,,Cortisone 13C3 (ISTD) Results,,,,,,Cortisol Results,,,,,,Cortisol D4 (ISTD) Results,,,,,,21-deoxycortisol Results,,,,,,21-deoxycortisol D8 (ISTD) Results,,,,,,Dexamethasone Results,,,,,,Dexamethasone D5 (ISTD) Results,,,,,,Corticosterone Results,,,,,,Corticosterone 13C3 (ISTD) Results,,,,,,11-deoxycortisol Results,,,,,,11-deoxycortisol D5 (ISTD) Results,,,,,,Androstenedione Results,,,,,,Androstenedione 13C3 (ISTD) Results,,,,,,11-deoxycorticosterone Results,,,,,,11-deoxycorticosterone 13C3 (ISTD) Results,,,,,,Testosterone Results,,,,,,Testosterone 13C (ISTD) Results,,,,,,DHEA Results,,,,,,DHEA D5 (ISTD) Results,,,,,,17-hydroxyprogesterone Results,,,,,,17-hydroxyprogesterone D8 (ISTD) Results,,,,,,Dihydrotestosterone Results,,,,,,Dihydrotestosterone D3 (ISTD) Results,,,,,,Progesterone Results,,,,,,Progesterone D9 (ISTD) Results,,,,,
,,Name,Data File,Type,Level,Acq. Date-Time,RT,Area,FWHM,MI,Final Conc.,Accuracy,RT,Area,Height,FWHM,MI,Accuracy,RT,Area,FWHM,MI,Final Conc.,Accuracy,RT,Area,Height,FWHM,MI,Accuracy,RT,Area,FWHM,MI,Final Conc.,Accuracy,RT,Area,Height,FWHM,MI,Accuracy,RT,Area,FWHM,MI,Final Conc.,Accuracy,RT,Area,Height,FWHM,MI,Accuracy,RT,Area,FWHM,MI,Final Conc.,Accuracy,RT,Area,Height,FWHM,MI,Accuracy,RT,Area,FWHM,MI,Final Conc.,Accuracy,RT,Area,Height,FWHM,MI,Accuracy,RT,Area,FWHM,MI,Final Conc.,Accuracy,RT,Area,Height,FWHM,MI,Accuracy,RT,Area,FWHM,MI,Final Conc.,Accuracy,RT,Area,Height,FWHM,MI,Accuracy,RT,Area,FWHM,MI,Final Conc.,Accuracy,RT,Area,Height,FWHM,MI,Accuracy,RT,Area,FWHM,MI,Final Conc.,Accuracy,RT,Area,Height,FWHM,MI,Accuracy,RT,Area,FWHM,MI,Final Conc.,Accuracy,RT,Area,Height,FWHM,MI,Accuracy,RT,Area,FWHM,MI,Final Conc.,Accuracy,RT,Area,Height,FWHM,MI,Accuracy,RT,Area,FWHM,MI,Final Conc.,Accuracy,RT,Area,Height,FWHM,MI,Accuracy,RT,Area,FWHM,MI,Final Conc.,Accuracy,RT,Area,Height,FWHM,MI,Accuracy,RT,Area,FWHM,MI,Final Conc.,Accuracy,RT,Area,Height,FWHM,MI,Accuracy
,,20260212_SST,20260212_SST01.d,ResponseCheck,,12/2/2026 2:33 pm,2.464,530907,0.107,False,1.7446,,2.451,481178,69702,0.105,False,,2.719,40557,0.102,False,336.1722,,2.719,32974,4703,0.113,False,,2.758,395052,0.096,False,2.7665,,2.757,367489,56906,0.096,True,,3.040,365176,0.101,True,13.4606,,3.027,227505,35432,0.101,False,,3.512,456954,0.093,False,1.4829,,3.476,389808,61892,0.101,False,,3.709,432528,0.101,False,10.6948,,3.674,395852,59887,0.100,False,,3.677,713789,0.099,True,3.7212,,3.677,484132,73294,0.100,False,,3.819,1566153,0.097,True,1.2059,,3.794,1250710,193206,0.094,False,,4.258,4918695,0.098,False,1.5334,,4.257,4940993,753828,0.097,False,,4.608,3130049,0.101,False,0.6040,,4.596,3333709,478863,0.104,False,,4.869,6981926,0.105,False,0.8448,,4.856,6299991,870402,0.110,False,,5.035,42658,0.106,True,30.7431,,4.999,38894,5211,0.104,False,,5.255,1322347,0.118,False,1.0075,,5.184,1309282,172015,0.110,False,,6.186,204853,0.140,False,2.4806,,6.150,205169,24399,0.123,False,,7.161,4428271,0.133,False,1.1552,,7.055,3814521,422475,0.130,False,
,,20260212_SST,20260212_SST02.d,ResponseCheck,,12/2/2026 2:47 pm,2.452,586672,0.107,False,1.9914,,2.439,468970,64032,0.112,False,,2.719,39438,0.099,False,310.7268,,2.707,34905,5135,0.107,False,,2.746,418378,0.093,False,3.1158,,2.745,341558,52520,0.096,True,,3.028,394633,0.097,True,13.6887,,3.015,241599,38225,0.097,False,,3.501,495549,0.094,False,1.6359,,3.464,383006,62436,0.095,False,,3.697,409429,0.098,False,9.2485,,3.674,434043,64870,0.099,False,,3.666,678026,0.100,True,3.5427,,3.665,483308,75287,0.098,False,,3.807,1428634,0.104,True,1.2059,,3.782,1140933,168258,0.098,False,,4.258,5361859,0.098,False,1.8707,,4.257,4437991,611369,0.106,False,,4.596,3209917,0.105,False,0.6912,,4.596,3003768,421134,0.106,False,,4.845,6578894,0.110,False,0.8649,,4.844,5807224,797095,0.111,False,,5.023,42709,0.106,False,30.0539,,4.987,39662,5160,0.113,False,,5.231,1350783,0.112,False,1.1450,,5.172,1181074,160269,0.113,False,,6.186,216317,0.122,False,2.4299,,6.150,220991,27027,0.121,False,,7.173,4201878,0.130,False,1.1837,,7.055,3535012,377652,0.138,False,
,,20260212_SST,20260212_SST03.d,ResponseCheck,,12/2/2026 3:00 pm,2.464,623875,0.100,False,2.2600,,2.451,441308,58214,0.112,False,,2.731,38629,0.094,False,298.0335,,2.719,35770,5572,0.103,False,,2.758,426167,0.097,False,2.9173,,2.757,373914,57684,0.098,True,,3.028,376635,0.097,True,12.2575,,3.027,258696,42557,0.095,False,,3.501,482737,0.097,False,1.8457,,3.476,330406,53438,0.094,False,,3.709,393524,0.104,False,8.9109,,3.674,433196,65330,0.097,False,,3.666,613729,0.103,True,3.2199,,3.665,481868,72221,0.101,False,,3.807,1485334,0.096,False,1.2974,,3.782,1105841,171595,0.097,False,,4.258,4772867,0.101,False,1.5763,,4.257,4667968,668655,0.103,False,,4.596,3515451,0.103,False,0.6819,,4.584,3332670,467124,0.105,False,,4.845,6702186,0.118,False,0.7487,,4.856,6765953,913353,0.110,False,,5.035,38529,0.110,False,21.0335,,4.999,47392,6118,0.111,False,,5.231,1482530,0.106,False,1.3258,,5.184,1123413,145343,0.117,False,,6.186,212991,0.146,False,2.7446,,6.150,194052,24511,0.109,False,,7.150,4330633,0.132,False,1.1380,,7.043,3784752,400918,0.146,False,
,,20260212_SST,20260212_SST04.d,ResponseCheck,,12/2/2026 3:13 pm,2.464,619499,0.115,False,2.0425,,2.451,483317,69835,0.104,False,,2.731,35979,0.118,False,274.2082,,2.707,36483,5397,0.104,False,,2.758,426365,0.097,False,2.8126,,2.757,389455,60447,0.098,False,,3.028,413573,0.095,False,13.7904,,3.015,251253,38302,0.099,False,,3.512,494626,0.093,False,1.5736,,3.464,397523,65352,0.095,False,,3.697,394501,0.101,False,10.0646,,3.674,383914,57732,0.102,False,,3.666,560329,0.098,True,2.8309,,3.665,501258,73849,0.103,False,,3.807,1428937,0.101,False,1.2842,,3.771,1074347,162085,0.095,False,,4.246,4617113,0.100,False,1.4199,,4.257,4995843,755230,0.098,False,,4.596,3304751,0.105,False,0.6600,,4.596,3232654,461419,0.107,False,,4.845,6666227,0.109,False,0.7198,,4.844,6978588,946943,0.115,False,,5.023,38901,0.098,False,26.0593,,4.987,40495,5638,0.109,False,,5.231,1315842,0.110,False,1.1007,,5.184,1195572,151832,0.116,False,,6.174,202767,0.123,False,2.7585,,6.126,183888,19964,0.130,False,,7.161,4640495,0.122,False,1.3964,,7.043,3325168,350374,0.143,False,
,,20260212_SST,20260212_SST05.d,ResponseCheck,,12/2/2026 3:27 pm,2.464,572952,0.109,False,1.8080,,2.451,502092,72962,0.101,False,,2.731,39046,0.109,False,291.9111,,2.719,36981,5893,0.097,False,,2.758,505042,0.092,False,3.0472,,2.757,422449,70638,0.089,False,,3.028,379645,0.099,False,14.2514,,3.027,222896,33846,0.097,False,,3.501,520449,0.098,False,1.6114,,3.476,408409,64170,0.099,False,,3.697,383730,0.099,False,9.6350,,3.662,390281,58357,0.099,False,,3.666,626855,0.101,True,2.8287,,3.677,561209,90745,0.091,False,,3.807,1455841,0.095,False,1.2100,,3.782,1158844,173772,0.098,False,,4.258,4558071,0.103,False,1.5105,,4.257,4645987,677541,0.098,False,,4.596,3496824,0.100,False,0.6281,,4.596,3587209,526704,0.103,False,,4.857,6596350,0.111,False,0.8289,,4.844,6058311,799858,0.112,False,,5.023,39026,0.106,False,28.0754,,4.999,38283,5503,0.107,False,,5.231,1236436,0.121,False,0.9921,,5.172,1242575,171341,0.102,False,,6.186,211184,0.151,False,2.5292,,6.126,207638,25177,0.120,False,,7.150,3720069,0.135,False,1.0463,,7.067,3526510,339286,0.158,False,
,,20260212_SST,20260212_SST06.d,ResponseCheck,,12/2/2026 3:40 pm,2.452,612900,0.112,False,2.0228,,2.439,482641,66598,0.110,False,,2.743,34112,0.103,False,293.8179,,2.731,32080,4969,0.098,False,,2.758,497284,0.092,False,2.8484,,2.757,447945,73170,0.092,True,,3.040,386719,0.096,True,13.4506,,3.027,241113,38881,0.093,False,,3.512,531121,0.094,False,1.8171,,3.476,369302,61771,0.095,False,,3.709,380585,0.097,False,8.8358,,3.674,422558,66651,0.095,False,,3.677,613128,0.100,True,2.9042,,3.677,534459,81212,0.102,False,,3.807,1450952,0.101,False,1.2460,,3.782,1123012,170481,0.093,False,,4.269,4288065,0.101,False,1.3013,,4.269,5045801,742637,0.098,False,,4.608,2898822,0.110,False,0.4990,,4.596,3702263,569124,0.094,False,,4.857,7186469,0.112,False,0.9561,,4.856,5773631,776433,0.110,False,,5.035,40446,0.113,False,28.3641,,4.999,39352,4726,0.126,False,,5.231,1414318,0.118,False,1.1583,,5.184,1222718,170658,0.106,False,,6.174,225616,0.113,False,2.9776,,6.150,191055,22101,0.122,False,,7.161,4333964,0.131,False,1.1627,,7.055,3709696,395743,0.140,False,
,,20260212_SST,20260212_SST07.d,ResponseCheck,,12/2/2026 3:54 pm,2.464,528115,0.114,False,1.6011,,2.439,518582,75305,0.106,False,,2.731,36236,0.094,False,311.2026,,2.719,32018,4830,0.106,False,,2.746,477177,0.095,False,2.8141,,2.757,435601,68045,0.097,False,,3.028,362736,0.100,False,13.0585,,3.027,233233,35271,0.101,False,,3.512,507698,0.101,False,1.7379,,3.476,369231,61950,0.091,False,,3.709,381916,0.096,False,10.2715,,3.674,364095,52897,0.104,False,,3.677,632106,0.098,True,3.3085,,3.665,482858,76876,0.095,False,,3.807,1389585,0.103,False,1.3600,,3.782,988709,150136,0.096,False,,4.246,4602617,0.092,False,1.4252,,4.257,4962154,746682,0.096,False,,4.584,3633249,0.097,False,0.6595,,4.596,3556916,526705,0.103,False,,4.845,6726347,0.111,False,0.7782,,4.856,6551438,910178,0.110,False,,5.023,43731,0.104,False,28.1019,,4.987,42866,5610,0.110,False,,5.231,1248023,0.112,False,1.0717,,5.160,1163738,146880,0.119,False,,6.174,199196,0.147,False,2.7391,,6.138,181817,20465,0.129,False,,7.150,4576171,0.125,False,1.2506,,7.043,3649927,416650,0.128,False,
,,20260212_SST,20260212_SST08.d,ResponseCheck,,12/2/2026 4:07 pm,2.464,612689,0.107,False,2.1303,,2.451,459005,62313,0.111,False,,2.731,33435,0.103,False,289.4987,,2.731,31954,4818,0.104,False,,2.758,519925,0.088,False,3.0527,,2.757,434042,71490,0.091,False,,3.028,396725,0.102,True,13.8620,,3.015,239724,37888,0.095,False,,3.501,484430,0.100,False,1.6522,,3.476,370704,60175,0.098,False,,3.709,364290,0.102,False,8.2691,,3.674,432588,68988,0.098,False,,3.677,717149,0.102,True,3.8494,,3.665,470052,72132,0.096,False,,3.819,1369118,0.094,False,1.2709,,3.782,1039692,158539,0.097,False,,4.258,4583569,0.097,False,1.6112,,4.257,4388521,653596,0.097,False,,4.596,3462092,0.103,False,0.6138,,4.596,3630686,532219,0.100,False,,4.845,6901295,0.106,False,0.9011,,4.856,5861892,802443,0.112,False,,5.035,38936,0.109,False,23.4788,,4.999,43994,5891,0.103,False,,5.231,1330984,0.105,False,1.1656,,5.172,1143724,143907,0.122,False,,6.186,213640,0.117,False,2.9090,,6.150,184685,19775,0.132,False,,7.150,4194165,0.136,False,1.2228,,7.032,3419048,368551,0.139,False,
,,20260212_SST,20260212_SST09.d,ResponseCheck,,12/2/2026 4:20 pm,2.464,553027,0.108,False,1.7978,,2.439,487229,66507,0.110,False,,2.731,31949,0.111,False,258.3422,,2.719,34586,5108,0.108,False,,2.758,483226,0.096,False,2.8350,,2.745,437541,70939,0.092,True,,3.016,390983,0.098,True,14.3059,,3.015,228645,35509,0.097,False,,3.501,484135,0.096,False,1.7058,,3.476,358760,58144,0.096,False,,3.709,399632,0.099,False,9.5483,,3.662,410189,63608,0.099,False,,3.677,602902,0.100,True,3.0362,,3.665,502387,79800,0.093,False,,3.807,1302775,0.105,True,1.1698,,3.771,1071050,162154,0.096,False,,4.258,4729631,0.092,False,1.5808,,4.245,4612960,676461,0.099,False,,4.584,3044723,0.109,False,0.5834,,4.584,3351778,473009,0.102,False,,4.845,5787289,0.113,False,0.6501,,4.833,6652210,958846,0.100,False,,5.023,45315,0.108,False,29.4033,,4.987,42832,5757,0.106,False,,5.231,1287422,0.104,False,1.1124,,5.172,1157788,148495,0.119,False,,6.174,207856,0.153,False,2.7913,,6.126,186488,21355,0.124,False,,7.150,4035066,0.135,False,1.1451,,7.043,3505448,403513,0.121,False,
,,20260212_SST,20260212_SST10.d,ResponseCheck,,12/2/2026 4:34 pm,2.464,554906,0.108,False,1.7374,,2.451,504879,70573,0.108,False,,2.731,37647,0.096,False,343.4912,,2.719,29908,4635,0.102,False,,2.758,504284,0.099,False,2.9252,,2.757,441139,72318,0.093,False,,3.028,463423,0.090,False,16.7966,,3.015,229520,36652,0.094,False,,3.512,480534,0.096,False,1.6973,,3.476,357894,58186,0.096,False,,3.697,386714,0.100,False,9.9999,,3.662,378796,57433,0.099,False,,3.666,655334,0.102,True,3.8215,,3.665,432702,67457,0.095,False,,3.807,1345937,0.098,False,1.2264,,3.782,1057691,163620,0.097,False,,4.246,4681936,0.095,False,1.4854,,4.245,4850096,750546,0.093,False,,4.596,3543916,0.098,False,0.6513,,4.596,3511061,489121,0.111,False,,4.845,6151810,0.110,False,0.8814,,4.844,5334801,666112,0.120,False,,5.023,37427,0.112,False,24.6693,,4.999,40683,5127,0.111,False,,5.231,1321211,0.105,False,1.2951,,5.172,1024353,133796,0.112,False,,6.174,237308,0.132,False,2.6235,,6.138,225419,25017,0.134,False,,7.150,4082163,0.127,False,1.1904,,7.043,3415365,382803,0.131,False,
,,Blank1_P1,Blank1_P1.d,DoubleBlank,,12/2/2026 6:10 pm,2.436,218,0.098,False,4.3068,,2.423,80,14,0.103,False,,2.679,9,0.064,False,158.1456,,2.643,17,4,0.079,False,,2.753,87,0.075,False,13.0244,,2.740,16,5,0.051,False,,2.963,253,0.073,False,16.4539,,2.986,128,45,0.059,False,,3.528,29,0.047,False,0.5364,,3.504,68,26,0.052,False,,3.783,53,0.077,False,14.3732,,3.642,36,10,0.064,False,,3.727,184,0.075,False,5.7964,,3.739,80,22,0.055,False,,3.880,43,0.041,False,0.2038,,3.821,164,32,0.109,False,,4.177,202,0.070,False,2.4725,,4.200,127,18,0.149,False,,4.608,55,0.028,False,0.3972,,4.608,87,24,0.062,False,,4.939,35,0.029,False,0.1172,,4.914,160,29,0.091,False,,5.010,1924,0.117,False,37.4013,,5.021,1494,190,0.141,False,,5.347,71,0.044,False,2.3212,,5.194,31,9,0.052,False,,6.169,49,0.047,False,0.6407,,6.121,292,69,0.062,False,,7.188,102,0.061,False,2.1482,,7.035,48,16,0.047,False,
,,PBlank1_P1,PBlank1_P1.d,Blank,,12/2/2026 6:22 pm,2.389,59,0.065,False,0.0000,,2.459,57860,9730,0.092,False,,2.737,3175,0.082,False,28.1963,,2.725,178852,33354,0.085,False,,2.764,103,0.070,False,0.2718,,2.764,71686,12807,0.086,False,,3.045,696,0.110,False,0.5298,,3.033,224921,37849,0.091,False,,3.505,95,0.067,False,0.0000,,3.480,37213,6082,0.097,False,,3.666,79,0.080,False,0.1305,,3.677,375664,61525,0.093,False,,3.716,659,0.123,True,0.0564,,3.680,105040,17093,0.094,False,,3.868,237,0.084,False,0.0000,,3.785,87210,13590,0.093,False,,4.271,833,0.124,False,0.0000,,4.258,302313,45548,0.100,False,,4.679,246,0.069,False,0.0000,,4.596,124094,18270,0.099,False,,4.821,179,0.063,False,0.0000,,4.856,238344,32319,0.116,False,,5.080,1735,0.090,False,0.0000,,4.998,89801,11316,0.115,False,,5.218,261,0.040,False,0.0000,,5.170,80265,10151,0.120,False,,6.075,111,0.047,False,0.3303,,6.145,31052,3184,0.138,False,,7.153,234,0.048,False,0.0000,,7.047,246574,26171,0.146,False,
!,,Cal 0_P1,Cal 0_P1.d,MatrixBlank,,12/2/2026 6:37 pm,2.530,410,0.146,False,0.0000,,2.470,29051,4820,0.092,False,,2.702,4746,0.082,False,30.2458,,2.702,183784,35353,0.082,False,,2.776,1196,0.094,False,0.3141,,2.775,60757,10889,0.084,False,,3.057,2926,0.097,False,0.6525,,3.033,160127,27179,0.088,False,,3.528,104,0.035,False,0.0000,,3.480,34169,4986,0.093,False,,3.724,77,0.087,False,0.1304,,3.689,388952,62996,0.090,True,,3.680,1202,0.131,False,0.0715,,3.692,97672,15207,0.097,False,,3.763,626,0.110,False,0.0000,,3.785,74717,11375,0.094,False,,4.271,19099,0.096,False,0.0478,,4.258,263330,36464,0.106,False,,4.585,331,0.065,False,0.0000,,4.608,107269,16004,0.103,False,,4.856,6512,0.112,False,0.0000,,4.856,214841,29828,0.107,False,,5.080,25372,0.118,False,4.1925,,5.010,82847,10290,0.114,False,,5.241,329,0.033,False,0.0000,,5.194,80244,10839,0.109,False,,6.040,1349,0.126,True,0.4168,,6.157,26960,2975,0.134,False,,7.176,11073,0.166,False,0.0147,,7.082,230783,24425,0.140,False,
,,Cal A_P1,Cal A_P1.d,Cal,A,12/2/2026 6:51 pm,2.471,7239,0.093,False,0.2072,74.8,2.470,32127,5313,0.091,False,,2.714,93961,0.081,False,137.4747,101.1,2.702,209716,41687,0.080,False,,2.776,24856,0.087,False,1.3713,98.7,2.775,52305,9647,0.083,False,,3.045,106996,0.094,False,5.6251,101.9,3.033,168798,27858,0.093,False,,3.528,5276,0.095,False,0.2372,82.1,3.492,27352,4444,0.094,False,,3.724,35781,0.094,False,1.1936,93.3,3.689,324387,48882,0.098,False,,3.692,31971,0.095,True,0.8192,94.5,3.692,102486,15883,0.100,False,,3.821,23134,0.106,True,0.2855,98.8,3.797,67556,10261,0.102,False,,4.271,81960,0.104,False,0.3591,102.9,4.270,310375,46418,0.093,False,,4.608,18081,0.100,False,0.0921,76.1,4.608,99598,14558,0.104,False,,4.868,45023,0.113,False,0.0983,70.7,4.856,230160,31475,0.107,False,,5.069,22605,0.132,False,2.8536,82.2,4.986,85246,10256,0.124,False,,5.253,20847,0.121,False,0.3050,100.6,5.182,63577,8070,0.122,False,,6.169,1545,0.057,False,0.4207,81.5,6.157,29638,3112,0.143,False,,7.165,74311,0.128,False,0.3402,107.0,7.059,202925,21635,0.142,False,
,,Cal B_P1,Cal B_P1.d,Cal,B,12/2/2026 7:04 pm,2.471,15857,0.090,False,0.6905,113.4,2.459,32121,5522,0.088,False,,2.714,208054,0.082,False,352.7950,98.5,2.702,160615,30549,0.084,False,,2.776,60417,0.089,False,3.5546,97.1,2.764,42754,7141,0.092,False,,3.045,245688,0.091,False,15.4501,105.8,3.033,132663,21501,0.096,False,,3.516,17053,0.096,False,0.8496,113.1,3.480,25376,4241,0.092,False,,3.712,89612,0.099,False,3.3451,99.3,3.677,269108,43291,0.095,False,,3.680,79090,0.099,True,2.0034,87.9,3.680,100568,15722,0.096,False,,3.810,55849,0.103,True,0.8352,111.2,3.785,63136,9516,0.100,False,,4.271,185983,0.106,False,0.9605,105.9,4.258,292006,42415,0.104,False,,4.597,59666,0.104,False,0.3846,115.5,4.608,97260,14165,0.101,False,,4.856,149103,0.103,False,0.5422,120.2,4.856,202038,26408,0.114,False,,5.069,40334,0.140,False,9.9468,133.3,4.986,83773,10117,0.118,False,,5.241,50293,0.108,False,0.7959,101.0,5.182,62523,7636,0.123,False,,6.192,9861,0.174,True,1.0447,126.5,6.121,26568,2850,0.146,False,,7.153,158928,0.173,False,0.7631,92.3,7.047,204005,20747,0.148,False,
,,Cal C_P1,Cal C_P1.d,Cal,C,12/2/2026 7:17 pm,2.471,31130,0.095,False,1.4432,113.6,2.459,33631,5729,0.089,False,,2.714,414226,0.084,False,898.2677,95.3,2.702,120455,23011,0.083,False,,2.776,189688,0.090,False,10.2898,106.7,2.775,44292,7749,0.088,False,,3.045,699039,0.092,False,36.0835,94.0,3.033,158232,26219,0.090,False,,3.516,48514,0.105,False,2.2043,109.1,3.480,27754,4651,0.095,False,,3.712,257711,0.099,False,10.2276,115.3,3.677,246753,37343,0.101,False,,3.680,263735,0.095,True,7.5332,124.7,3.680,87924,12806,0.104,False,,3.810,134631,0.116,False,1.8533,91.7,3.785,70929,10767,0.098,False,,4.259,440590,0.103,False,2.2538,92.4,4.258,303608,45726,0.099,False,,4.608,153860,0.109,False,0.9007,106.1,4.596,111413,16050,0.107,False,,4.856,400938,0.108,False,1.5333,108.0,4.856,205294,26927,0.117,False,,5.045,51676,0.133,False,14.9980,93.7,4.998,81572,9267,0.129,False,,5.241,133033,0.116,False,2.1416,101.0,5.170,62901,8225,0.120,False,,6.192,14292,0.185,False,1.2517,95.5,6.133,30358,3363,0.137,False,,7.165,450886,0.147,False,2.1801,97.8,7.047,209143,21723,0.149,False,
,,Cal D_P1,Cal D_P1.d,Cal,D,12/2/2026 7:31 pm,2.471,65392,0.089,False,2.8297,103.3,2.459,37028,6208,0.089,False,,2.714,1500775,0.082,False,2687.9786,107.8,2.702,143737,26860,0.084,False,,2.776,410314,0.087,False,24.7913,97.2,2.775,39686,7007,0.086,False,,3.045,1702106,0.092,False,97.5928,95.7,3.044,140337,22858,0.093,False,,3.516,117927,0.091,False,5.0936,95.7,3.480,28645,4503,0.098,False,,3.712,619516,0.103,False,21.2166,90.3,3.677,284539,41966,0.103,False,,3.680,588679,0.102,True,14.9725,93.6,3.692,98594,15230,0.096,False,,3.821,369995,0.115,True,5.0858,95.6,3.785,71181,10626,0.101,False,,4.271,1185477,0.106,False,6.2031,96.6,4.258,293191,41227,0.104,False,,4.597,377784,0.110,False,2.3962,107.0,4.608,103706,14259,0.107,False,,4.856,1334300,0.112,False,4.7266,103.9,4.856,225827,28433,0.122,False,,5.045,88766,0.125,False,28.0477,81.3,4.998,87145,10580,0.115,False,,5.241,351422,0.118,False,5.3333,95.6,5.194,66938,8811,0.109,False,,6.181,24289,0.137,False,2.1142,100.7,6.145,28490,2843,0.143,True,,7.153,1244006,0.147,False,6.0948,104.2,7.047,210445,20886,0.157,False,
!,,Cal E_P1,Cal E_P1.d,Cal,E,12/2/2026 7:44 pm,2.483,130809,0.089,False,5.5602,93.8,2.470,36433,5954,0.092,False,,2.702,2928352,0.090,False,6385.6908,97.0,2.690,118269,21951,0.084,False,,2.776,1176466,0.086,False,67.4776,100.3,2.775,43255,7720,0.085,False,,3.034,4226237,0.093,True,275.8139,102.9,3.033,120767,19690,0.094,False,,3.516,314689,0.101,False,13.9781,99.8,3.480,26152,4324,0.092,False,,3.724,1726014,0.102,False,63.2682,102.0,3.677,266447,40518,0.098,False,,3.680,1513830,0.095,True,41.8472,99.2,3.680,90950,14254,0.092,False,,3.821,1152947,0.121,False,14.4043,102.9,3.797,74839,11689,0.099,False,,4.259,3547233,0.095,False,17.4174,102.5,4.270,289054,40997,0.105,False,,4.608,931053,0.109,False,5.5709,94.7,4.608,107878,15512,0.104,False,,4.868,4150564,0.118,False,14.0609,97.0,4.867,232860,33145,0.102,False,,5.045,212468,0.115,False,82.9908,111.7,5.010,84360,10334,0.121,False,,5.241,906942,0.130,False,14.9823,101.9,5.194,60643,7810,0.115,False,,6.204,38015,0.125,False,3.1352,93.0,6.145,30781,3112,0.143,False,,7.176,3056951,0.125,False,15.2968,98.7,7.071,211435,22148,0.141,False,
!,,Cal F_P1,Cal F_P1.d,Cal,F,12/2/2026 7:58 pm,2.483,285510,0.094,False,12.8078,100.8,2.470,29981,4950,0.094,False,,2.690,5832877,0.098,False,17428.0582,100.3,2.678,87937,14435,0.096,False,,2.776,2538108,0.089,False,178.0085,100.0,2.775,39572,6686,0.093,False,,3.045,9239830,0.096,False,704.9255,99.7,3.033,99088,15029,0.097,False,,3.516,853005,0.101,False,37.0211,100.1,3.480,23048,3584,0.099,False,,3.724,3175528,0.108,False,162.7700,99.9,3.677,193203,27130,0.106,False,,3.680,3267466,0.101,True,111.2122,100.2,3.680,74661,11107,0.100,False,,3.821,2654670,0.097,False,36.9061,99.7,3.797,59910,9625,0.095,False,,4.271,9414531,0.099,False,42.5015,99.8,4.270,266520,40015,0.100,False,,4.620,2597412,0.106,False,15.5802,100.5,4.608,99848,13310,0.115,False,,4.868,12814226,0.107,False,46.6013,100.2,4.867,201842,25094,0.118,False,,5.045,375408,0.109,False,155.8828,98.0,4.998,89260,11449,0.110,False,,5.241,2450008,0.124,False,38.7319,99.8,5.194,60791,7799,0.116,False,,6.192,57244,0.140,False,5.6474,104.6,6.157,30854,3421,0.127,False,,7.165,7570021,0.146,False,40.7513,100.1,7.071,209997,22310,0.142,False,
,,Blank2_P1,Blank2_P1.d,DoubleBlank,,12/2/2026 8:11 pm,2.483,42,0.059,False,0.7579,,2.494,79,17,0.082,False,,2.702,5,0.052,False,,,,,,,False,,2.823,92,0.054,False,3.6647,,2.799,63,14,0.079,False,,3.080,217,0.068,False,124.2553,,3.080,14,9,0.021,False,,3.505,340,0.146,False,2.9844,,3.480,143,29,0.085,False,,3.888,116,0.078,False,75.6458,,3.665,15,8,0.039,False,,3.774,445,0.188,False,26.5972,,3.786,42,11,0.053,False,,3.798,133,0.047,False,0.8084,,3.762,155,17,0.143,False,,4.142,1352,0.223,False,8.2216,,4.176,249,23,0.210,False,,4.538,1083,0.154,False,8.8599,,4.655,77,17,0.085,False,,4.880,69,0.025,False,0.3938,,4.832,124,41,0.059,False,,5.127,0,0.000,True,0.0000,,4.998,170,54,0.056,False,,5.241,33,0.052,False,0.5535,,5.205,58,13,0.084,False,,6.145,385,0.084,False,,,6.157,0,0,0.000,True,,7.094,827,0.104,False,6.4179,,6.930,133,27,0.084,False,
,,QC_Low1_P1,QC_Low1_P1.d,QC,Low,12/2/2026 8:23 pm,2.483,22614,0.094,False,0.9199,99.0,2.470,36269,5998,0.088,False,,2.714,333018,0.084,False,524.1614,76.4,2.702,169111,33030,0.081,False,,2.764,114618,0.088,False,6.2379,93.1,2.775,44761,7610,0.091,False,,3.045,437390,0.092,False,24.3665,94.2,3.033,147793,23673,0.095,False,,3.516,31153,0.095,False,1.6975,122.7,3.480,23199,3587,0.100,False,,3.724,168852,0.099,False,6.0462,97.8,3.677,275734,41583,0.103,False,,3.680,155589,0.099,True,3.7575,91.9,3.680,104502,17594,0.093,False,,3.821,102011,0.099,True,1.4576,105.8,3.797,67884,10390,0.095,False,,4.271,362404,0.097,False,1.8098,109.0,4.270,309830,45410,0.099,False,,4.597,91606,0.100,False,0.6529,110.1,4.608,90555,12047,0.111,False,,4.856,260460,0.118,False,0.8700,94.8,4.856,228639,29954,0.116,False,,5.033,34265,0.140,False,8.3554,72.7,4.986,79093,9412,0.120,False,,5.253,85514,0.131,False,1.4876,104.8,5.182,57891,7110,0.119,False,,6.216,11194,0.138,False,1.2237,112.4,6.145,24467,2533,0.146,False,,7.165,284075,0.151,False,1.3488,88.2,7.071,210537,20380,0.161,False,
!,,QC_High1_P1,QC_High1_P1.d,QC,High,12/2/2026 8:36 pm,2.483,254106,0.098,False,9.7982,105.5,2.470,37003,6039,0.094,False,,2.690,3763226,0.091,False,9931.1695,79.4,2.690,98252,16932,0.090,False,,2.764,2157175,0.094,False,115.2081,96.9,2.764,48652,8010,0.093,False,,3.045,7516109,0.103,False,504.8346,108.3,3.033,114709,17857,0.097,False,,3.516,603364,0.107,False,22.4556,82.3,3.480,29467,4471,0.100,False,,3.712,2854791,0.103,False,110.3574,91.5,3.677,254238,36638,0.101,False,,3.692,2799124,0.101,True,81.6036,104.4,3.680,86757,12592,0.100,False,,3.833,1899827,0.110,False,22.9539,86.7,3.785,73983,11054,0.096,False,,4.271,5878716,0.111,False,28.0175,97.4,4.270,276910,40993,0.101,False,,4.620,1998419,0.114,False,10.3235,96.6,4.608,120601,17481,0.099,False,,4.868,8505951,0.107,False,31.7918,114.2,4.856,202954,25166,0.116,False,,5.033,302884,0.110,False,129.1723,109.1,4.998,83494,11050,0.109,False,,5.253,1811021,0.111,False,26.3272,90.9,5.182,67564,8370,0.121,False,,6.216,47272,0.144,False,6.9286,158.4,6.168,23682,2516,0.150,True,,7.176,6053632,0.145,False,31.8175,114.0,7.071,210093,21663,0.144,False,
,,Blank3_P1,Blank3_P1.d,DoubleBlank,,12/2/2026 8:50 pm,2.436,32,0.051,False,0.1080,,2.423,187,32,0.089,False,,2.784,68,0.085,False,1177.2204,,2.772,15,4,0.079,False,,2.624,140,0.062,False,5.0628,,2.646,68,19,0.061,False,,3.163,281,0.082,False,7.5092,,3.068,324,48,0.124,False,,3.598,94,0.073,False,0.5718,,3.515,207,32,0.103,False,,3.724,50,0.055,False,7.8000,,3.689,63,15,0.078,False,,3.891,646,0.205,True,56.1628,,3.598,29,10,0.060,False,,3.810,50,0.023,False,1.0893,,3.774,44,10,0.091,False,,4.318,1047,0.137,False,47.1207,,4.282,26,8,0.059,False,,4.667,79,0.062,False,0.1791,,4.619,255,45,0.102,False,,4.892,297,0.066,False,1.7748,,4.867,132,39,0.066,False,,5.198,1756,0.116,False,20.0155,,5.103,2243,234,0.174,False,,5.311,104,0.043,False,2.0239,,5.205,52,10,0.097,False,,6.157,84,0.026,False,,,6.121,0,0,0.000,True,,7.270,3032,0.577,True,56.8311,,7.047,63,17,0.062,False,
!,,SKML2025_6B_P1,SKML2025_6B_P1.d,Sample,,12/2/2026 9:15 pm,2.471,10664,0.089,False,0.5783,,2.459,24758,3981,0.090,False,,2.667,3634577,0.099,False,8198.7388,,2.655,114627,20059,0.088,False,,2.776,908219,0.087,False,53.3655,,2.764,41691,7508,0.085,False,,3.045,6082447,0.096,False,583.4650,,3.033,79716,12573,0.094,False,,3.516,42059,0.087,False,1.2335,,3.480,43150,7297,0.088,False,,3.712,2956,0.085,False,0.2352,,3.677,267517,45364,0.089,False,,3.669,279864,0.092,False,10.3206,,3.680,68033,11137,0.091,False,,3.810,2050252,0.098,False,33.3101,,3.785,52186,8206,0.094,False,,4.259,1546044,0.096,False,9.7725,,4.258,237010,36756,0.096,False,,4.597,2331284,0.101,False,15.8368,,4.608,87998,13881,0.095,False,,4.845,187662,0.091,False,1.2652,,4.844,115575,19395,0.093,False,,5.045,12411,0.161,False,9.8672,,5.021,25907,3350,0.097,False,,5.229,59981,0.138,True,1.0314,,5.182,58052,8205,0.105,False,,6.192,1503,0.117,False,0.4479,,6.157,22557,2425,0.140,False,,7.165,1133335,0.122,False,6.2349,,7.047,187502,21093,0.127,False,
!,,SKML2026_1A_P1,SKML2026_1A_P1.d,Sample,,12/2/2026 9:29 pm,2.471,5591,0.100,False,0.4285,,2.459,16097,2789,0.090,False,,2.679,3269189,0.098,False,8912.9872,,2.667,94947,17027,0.087,False,,2.764,700226,0.086,False,54.1918,,2.775,31676,5594,0.088,False,,3.045,3337710,0.094,False,327.3874,,3.033,79931,13366,0.092,False,,3.493,703,0.076,True,0.0335,,3.480,20341,3679,0.085,False,,3.712,43,0.057,False,0.1300,,3.689,277724,44169,0.094,False,,3.680,113474,0.093,True,5.1454,,3.692,55505,8771,0.096,False,,3.821,35355,0.107,False,0.5860,,3.797,55387,9384,0.088,False,,4.271,591153,0.097,False,5.4998,,4.270,165586,25804,0.095,False,,4.608,11665,0.097,False,0.0733,,4.608,75866,11712,0.096,False,,4.833,517452,0.091,False,5.8047,,4.832,71296,12520,0.088,False,,5.045,14105,0.102,False,36.0932,,5.021,11279,1992,0.090,True,,5.229,41747,0.109,False,1.2001,,5.194,34868,5182,0.100,False,,6.204,5259,0.142,False,0.8192,,6.157,20296,2550,0.117,True,,7.176,188350,0.133,False,1.0533,,7.059,177404,20699,0.125,False,
!,,SKML2026_1B_P1,SKML2026_1Bb_P1.d,Sample,,12/2/2026 9:55 pm,2.483,2224,0.087,False,0.0201,,2.459,18034,2947,0.090,False,,2.690,2203641,0.087,False,4431.3090,,2.678,127993,24406,0.083,False,,2.764,583194,0.086,False,38.4695,,2.764,36682,6679,0.085,False,,3.045,2349430,0.092,False,232.4835,,3.033,80011,12770,0.094,False,,,,,False,,,3.480,18971,3445,0.087,False,,3.712,88,0.068,False,0.1318,,3.689,254625,39640,0.097,False,,3.692,120425,0.099,True,5.5820,,3.680,54267,8596,0.097,False,,3.821,37192,0.108,False,0.6345,,3.797,54202,8733,0.092,False,,4.271,215189,0.093,False,1.9612,,4.270,170045,26618,0.094,False,,4.608,8772,0.101,False,0.0539,,4.608,70065,10487,0.100,False,,4.845,1229224,0.087,False,14.7720,,4.844,65546,11227,0.089,False,,5.057,8837,0.097,False,23.0220,,5.021,10139,1852,0.088,True,,5.241,155591,0.097,False,4.5484,,5.194,34765,4991,0.101,False,,6.192,4801,0.118,False,0.8427,,6.168,17718,1979,0.138,True,,7.176,1973270,0.125,False,11.6535,,7.071,177431,18625,0.143,False,
!,,SKML2026_2A_P1,SKML2026_2A_P1.d,Sample,,12/2/2026 10:09 pm,2.483,18182,0.088,False,1.4056,,2.470,20121,3247,0.092,False,,2.679,3935645,0.093,False,11216.6909,,2.667,91174,15837,0.090,False,,2.776,1291539,0.084,False,95.2439,,2.775,34543,6049,0.086,False,,3.045,6330858,0.096,False,541.4017,,3.033,89778,14464,0.094,False,,3.516,54241,0.095,True,2.0225,,3.480,33853,5712,0.090,False,,3.724,89,0.037,False,0.1318,,3.677,255222,41458,0.094,False,,3.669,1118647,0.098,False,45.0258,,3.680,62491,9852,0.095,False,,3.821,16501709,0.099,True,168.2835,,3.785,49518,7437,0.094,False,,4.271,1551440,0.093,False,11.9341,,4.270,191818,28157,0.099,False,,4.608,2725477,0.093,False,20.3725,,4.608,77368,11574,0.102,False,,4.845,1817511,0.090,False,13.4912,,4.844,106400,17629,0.092,False,,5.045,30550,0.108,True,37.1288,,5.021,23866,3855,0.093,False,,5.241,101848,0.111,True,1.7784,,5.194,57849,8057,0.110,False,,6.216,7977,0.153,False,1.1815,,6.168,18239,2069,0.127,True,,7.165,23254,0.109,False,0.0797,,7.082,208480,22010,0.148,False,
!,,SKML2026_2A_P1,SKML2026_2Ab_P1.d,Sample,,12/2/2026 10:22 pm,2.483,14711,0.090,False,1.4247,,2.470,16081,2653,0.090,False,,2.679,3152967,0.090,False,12468.5737,,2.667,65851,11770,0.088,False,,2.776,1224005,0.088,False,78.5289,,2.775,39071,7333,0.083,False,,3.045,5479753,0.098,False,486.7898,,3.033,86882,13888,0.092,False,,3.516,53949,0.102,True,1.9614,,3.480,34729,5846,0.089,False,,3.654,12,0.034,False,0.1289,,3.677,261006,41504,0.097,False,,3.680,997270,0.096,True,41.0860,,3.680,61019,9618,0.094,False,,3.810,18240105,0.097,True,167.4659,,3.785,55137,9039,0.092,False,,4.271,1572794,0.096,False,12.0863,,4.270,191802,30054,0.095,False,,4.597,2650174,0.098,False,19.4591,,4.608,79283,12186,0.094,False,,4.845,2127767,0.087,False,15.3803,,4.844,108831,18100,0.093,False,,5.045,26686,0.101,True,29.2457,,5.021,25333,3508,0.100,False,,5.241,137090,0.106,False,2.6882,,5.182,51749,7200,0.107,False,,6.192,11341,0.115,False,1.4164,,6.168,20702,2170,0.130,False,,7.165,24205,0.132,False,0.0984,,7.047,186329,21161,0.126,False,
!,,SKML2026_2B_P1,SKML2026_2B_P1.d,Sample,,12/2/2026 10:35 pm,2.471,2508,0.090,False,0.0351,,2.470,19078,3359,0.088,False,,2.679,2399754,0.086,False,5684.4033,,2.667,108784,19714,0.087,False,,2.776,653230,0.087,False,37.4900,,2.775,42129,7558,0.085,False,,3.045,2261267,0.096,False,244.1088,,3.033,73251,11503,0.100,False,,3.516,2002,0.095,True,0.0676,,3.480,32807,5071,0.089,False,,3.736,40,0.053,False,0.1300,,3.677,255469,40088,0.095,False,,3.692,121349,0.096,True,5.9821,,3.692,51004,8490,0.096,False,,3.821,40661,0.095,False,0.7474,,3.797,50969,8105,0.091,False,,4.259,257954,0.097,False,2.5087,,4.258,159857,24751,0.094,False,,4.608,11266,0.105,True,0.0695,,4.608,76051,12165,0.093,False,,4.845,4180724,0.096,False,34.7464,,4.844,90670,15150,0.095,False,,5.045,17336,0.101,False,27.4304,,5.010,17325,2742,0.100,False,,5.229,513199,0.102,False,9.6728,,5.182,53612,7622,0.103,False,,6.181,9315,0.114,False,1.3303,,6.145,18344,1984,0.128,True,,7.153,5921350,0.119,False,37.2639,,7.047,177987,19268,0.136,False,
!,,SKML2026_2B_P1,SKML2026_2Bb_P1.d,Sample,,12/2/2026 10:49 pm,2.471,1991,0.083,False,0.0033,,2.470,17434,2944,0.088,False,,2.679,2203909,0.089,False,6278.9675,,2.667,90511,16802,0.085,False,,2.776,685810,0.086,False,50.7759,,2.775,33013,5858,0.087,False,,3.045,2519038,0.089,False,281.4595,,3.033,70498,11443,0.095,False,,3.528,1635,0.064,True,0.0597,,3.480,29799,4874,0.091,False,,3.654,53,0.081,False,0.1305,,3.677,255617,40559,0.093,False,,3.680,130122,0.099,True,5.9078,,3.680,55384,9333,0.088,False,,3.810,47051,0.113,False,0.8303,,3.785,53484,8891,0.090,False,,4.259,254738,0.097,False,1.9770,,4.270,199720,32185,0.097,False,,4.608,13632,0.102,True,0.0788,,4.596,84188,13175,0.097,False,,4.845,4488967,0.091,False,34.2036,,4.844,99020,16761,0.091,False,,5.057,17089,0.100,False,19.9074,,5.010,21918,3367,0.098,False,,5.241,399220,0.107,False,8.0997,,5.170,49918,6449,0.122,False,,6.204,8233,0.112,False,1.0419,,6.145,22263,2300,0.144,True,,7.153,5840425,0.133,False,34.3357,,7.059,189067,21189,0.131,False,
